f_ec,global_seed,R_sk-BB84,R_sk_std-BB84,R_sk_sem-BB84,QBER_total-BB84,QBER_total_std-BB84,QBER_total_sem-BB84,QBER_est-BB84,QBER_est_std-BB84,QBER_est_sem-BB84,Throughputs-BB84,Throughputs_std-BB84,Throughputs_sem-BB84,Throughput_final-BB84,Throughput_final_std-BB84,Throughput_final_sem-BB84,Latency-BB84,Loss-BB84,R_s-BB84,R_s_std-BB84,R_s_sem-BB84,N_keys-BB84,N_replicas-BB84,R_sk-B92,R_sk_std-B92,R_sk_sem-B92,QBER_total-B92,QBER_total_std-B92,QBER_total_sem-B92,QBER_est-B92,QBER_est_std-B92,QBER_est_sem-B92,Throughputs-B92,Throughputs_std-B92,Throughputs_sem-B92,Throughput_final-B92,Throughput_final_std-B92,Throughput_final_sem-B92,Latency-B92,Loss-B92,R_s-B92,R_s_std-B92,R_s_sem-B92,N_keys-B92,N_replicas-B92,R_sk-COW,R_sk_std-COW,R_sk_sem-COW,QBER_total-COW,QBER_total_std-COW,QBER_total_sem-COW,QBER_est-COW,QBER_est_std-COW,QBER_est_sem-COW,Throughputs-COW,Throughputs_std-COW,Throughputs_sem-COW,Throughput_final-COW,Throughput_final_std-COW,Throughput_final_sem-COW,Latency-COW,Loss-COW,R_s-COW,R_s_std-COW,R_s_sem-COW,Visibility-COW,Visibility_std-COW,Visibility_sem-COW,N_keys-COW,N_replicas-COW,R_sk-BB84+Eve,R_sk_std-BB84+Eve,R_sk_sem-BB84+Eve,QBER_total-BB84+Eve,QBER_total_std-BB84+Eve,QBER_total_sem-BB84+Eve,QBER_est-BB84+Eve,QBER_est_std-BB84+Eve,QBER_est_sem-BB84+Eve,Throughputs-BB84+Eve,Throughputs_std-BB84+Eve,Throughputs_sem-BB84+Eve,Throughput_final-BB84+Eve,Throughput_final_std-BB84+Eve,Throughput_final_sem-BB84+Eve,Latency-BB84+Eve,Loss-BB84+Eve,R_s-BB84+Eve,R_s_std-BB84+Eve,R_s_sem-BB84+Eve,N_keys-BB84+Eve,N_replicas-BB84+Eve,R_sk-B92+Eve,R_sk_std-B92+Eve,R_sk_sem-B92+Eve,QBER_total-B92+Eve,QBER_total_std-B92+Eve,QBER_total_sem-B92+Eve,QBER_est-B92+Eve,QBER_est_std-B92+Eve,QBER_est_sem-B92+Eve,Throughputs-B92+Eve,Throughputs_std-B92+Eve,Throughputs_sem-B92+Eve,Throughput_final-B92+Eve,Throughput_final_std-B92+Eve,Throughput_final_sem-B92+Eve,Latency-B92+Eve,Loss-B92+Eve,R_s-B92+Eve,R_s_std-B92+Eve,R_s_sem-B92+Eve,N_keys-B92+Eve,N_replicas-B92+Eve,R_sk-COW+Eve,R_sk_std-COW+Eve,R_sk_sem-COW+Eve,QBER_total-COW+Eve,QBER_total_std-COW+Eve,QBER_total_sem-COW+Eve,QBER_est-COW+Eve,QBER_est_std-COW+Eve,QBER_est_sem-COW+Eve,Throughputs-COW+Eve,Throughputs_std-COW+Eve,Throughputs_sem-COW+Eve,Throughput_final-COW+Eve,Throughput_final_std-COW+Eve,Throughput_final_sem-COW+Eve,Latency-COW+Eve,Loss-COW+Eve,R_s-COW+Eve,R_s_std-COW+Eve,R_s_sem-COW+Eve,Visibility-COW+Eve,Visibility_std-COW+Eve,Visibility_sem-COW+Eve,N_keys-COW+Eve,N_replicas-COW+Eve,R_sk-BBM92,R_sk_std-BBM92,R_sk_sem-BBM92,QBER_total-BBM92,QBER_total_std-BBM92,QBER_total_sem-BBM92,QBER_est-BBM92,QBER_est_std-BBM92,QBER_est_sem-BBM92,Throughputs-BBM92,Throughputs_std-BBM92,Throughputs_sem-BBM92,Throughput_final-BBM92,Throughput_final_std-BBM92,Throughput_final_sem-BBM92,Latency-BBM92,Loss-BBM92,R_s-BBM92,R_s_std-BBM92,R_s_sem-BBM92,N_keys-BBM92,N_replicas-BBM92,R_sk-E91,R_sk_std-E91,R_sk_sem-E91,QBER_total-E91,QBER_total_std-E91,QBER_total_sem-E91,QBER_est-E91,QBER_est_std-E91,QBER_est_sem-E91,Throughputs-E91,Throughputs_std-E91,Throughputs_sem-E91,Throughput_final-E91,Throughput_final_std-E91,Throughput_final_sem-E91,Latency-E91,Loss-E91,R_s-E91,R_s_std-E91,R_s_sem-E91,CHSH_S-E91,CHSH_S_std-E91,CHSH_S_sem-E91,N_keys-E91,N_replicas-E91,R_sk-BBM92+Eve,R_sk_std-BBM92+Eve,R_sk_sem-BBM92+Eve,QBER_total-BBM92+Eve,QBER_total_std-BBM92+Eve,QBER_total_sem-BBM92+Eve,QBER_est-BBM92+Eve,QBER_est_std-BBM92+Eve,QBER_est_sem-BBM92+Eve,Throughputs-BBM92+Eve,Throughputs_std-BBM92+Eve,Throughputs_sem-BBM92+Eve,Throughput_final-BBM92+Eve,Throughput_final_std-BBM92+Eve,Throughput_final_sem-BBM92+Eve,Latency-BBM92+Eve,Loss-BBM92+Eve,R_s-BBM92+Eve,R_s_std-BBM92+Eve,R_s_sem-BBM92+Eve,N_keys-BBM92+Eve,N_replicas-BBM92+Eve,R_sk-E91+Eve,R_sk_std-E91+Eve,R_sk_sem-E91+Eve,QBER_total-E91+Eve,QBER_total_std-E91+Eve,QBER_total_sem-E91+Eve,QBER_est-E91+Eve,QBER_est_std-E91+Eve,QBER_est_sem-E91+Eve,Throughputs-E91+Eve,Throughputs_std-E91+Eve,Throughputs_sem-E91+Eve,Throughput_final-E91+Eve,Throughput_final_std-E91+Eve,Throughput_final_sem-E91+Eve,Latency-E91+Eve,Loss-E91+Eve,R_s-E91+Eve,R_s_std-E91+Eve,R_s_sem-E91+Eve,CHSH_S-E91+Eve,CHSH_S_std-E91+Eve,CHSH_S_sem-E91+Eve,N_keys-E91+Eve,N_replicas-E91+Eve
1.0,20260805,0.11673143999999999,0.0007158397825281768,0.0003201332829463339,1.2000000000000002e-05,1.0954451150103323e-05,4.898979485566356e-06,0.0,0.0,0.0,1954144.81701459,0.0,0.0,806209.9308266283,0.0,0.0,0.013111499996,0.1597065680820472,0.273056,0.0016744790234577318,0.0007488497846697906,25,5,0.05822037,0.0008042364698892971,0.0003596654833313862,1.2000000000000002e-05,1.0954451150103323e-05,4.898979485566356e-06,0.0,0.0,0.0,1027987.0946133735,0.0,0.0,425850.4327640863,0.0,0.0,0.018111499992,0.1597065680820472,0.136188,0.0018812549003258308,0.0008413227680266297,25,5,0.086139206,0.0011063395379098146,0.0004947700825924102,1.6000000000000003e-05,8.94427190999916e-06,4.000000000000001e-06,0.0,0.0,0.0,509800.82451288693,14907.119852980002,6666.666667999991,321838.80204667535,9384.728564161134,4196.978203969658,0.028111499996,0.1597065680820472,0.133268,0.0011484206546383674,0.0005135893301072397,0.9803528856287554,0.004475658061724644,0.0020015751340122507,25,5,0.0,0.0,0.0,0.22579599999999997,0.002566959290678374,0.001147979093886297,0.22824,0.0061269241875512226,0.002740043795270441,1954144.81701459,0.0,0.0,0.0,0.0,0.0,0.013111499996,0.1597065680820472,0.272816,0.0015684004590664972,0.0007014100084829128,25,5,0.0,0.0,0.0,0.3109,0.0028377808231080702,0.0012690941651429901,0.30940799999999996,0.003260723846019459,0.0014582400351108133,1453047.8055698175,0.0,0.0,0.0,0.0,0.0,0.015611499994,0.1597065680820472,0.198488,0.002422007431863085,0.0010831546519311096,25,5,0.0,0.0,0.0,0.0,0.0,0.0,0.0,0.0,0.0,509800.82451288693,14907.119852980002,6666.666667999991,0.0,0.0,0.0,0.028111499996,0.1597065680820472,0.131498,0.0010342726913150119,0.00046254080901040457,0.00687806063585209,0.010477737102531732,0.004685786482326528,25,5,0.0758784,0.0006414241430208251,0.00028685359724082244,8.000000000000001e-06,1.0954451150103323e-05,4.898979485566356e-06,1.6000000000000003e-05,3.577708763999664e-05,1.6000000000000003e-05,528451.2560838609,0.0,0.0,218390.5372405849,227.2409483436535,101.6252415535855,0.023734150023,0.159878422950533,0.177576,0.001518117255023475,0.0006789226760095748,25,5,0.056654347199999996,0.0008213586205289365,0.0003673227418816312,1.2000000000000002e-05,1.0954451150103323e-05,4.898979485566356e-06,0.0,0.0,0.0,238428.4513383819,0.0,0.0,167731.2439501905,1612.085032447221,720.946343612388,0.046694325051,0.159878422950533,0.079152,0.0005436175125950246,0.00024311314238436462,-2.8240757341415383,0.00961438694061173,0.004299684552238812,25,5,0.0,0.0,0.0,0.22416400000000003,0.0019105182542964669,0.0008544097377722259,0.222688,0.0035537473179729456,0.0015892841155690132,528451.2560838609,0.0,0.0,0.0,0.0,0.0,0.023734150023,0.159878422950533,0.17725600000000002,0.0013499185160593828,0.0006037019131988842,25,5,0.0,0.0,0.0,0.22569599999999998,0.0016768064885370657,0.0007498906586963202,0.224256,0.002639636338589089,0.0011804812577927708,238428.4513383819,0.0,0.0,0.0,0.0,0.0,0.046694325051,0.159878422950533,0.07949599999999998,0.0007293010352385336,0.0003261533381708661,-1.555201569482098,0.007041501842936388,0.0031490553568991617,25,5
1.05,20260805,0.1172419348,0.000835533574612772,0.00037366197406351015,1.2000000000000002e-05,1.0954451150103323e-05,4.898979485566356e-06,1.6000000000000003e-05,3.577708763999664e-05,1.6000000000000003e-05,1954144.81701459,0.0,0.0,805793.9308262955,930.2042793840941,416.0000003328081,0.013111499996,0.1597065680820472,0.27437999999999996,0.001862632545619223,0.0008329945978216121,25,5,0.0585995656,0.0008820618785645376,0.00039447006416629414,2e-05,2.4494897427831785e-05,1.0954451150103323e-05,1.6000000000000003e-05,3.5777087639996646e-05,1.6000000000000003e-05,1027987.0946133735,0.0,0.0,425642.4327639199,465.102139691995,208.00000016638077,0.018111499992,0.1597065680820472,0.137144,0.0021651974505804365,0.0009683057368414194,25,5,0.08474677559999999,0.000490193788176473,0.00021922132650214525,1.6000000000000003e-05,1.6733200530681514e-05,7.483314773547884e-06,0.0,0.0,0.0,503134.15784488694,18257.418587156997,8164.965810910243,316748.4642479566,11979.286279466449,5357.299688563504,0.028111499996,0.1597065680820472,0.13141799999999998,0.0006019302285148831,0.0002691913817342522,0.9787936278882967,0.00490467404251472,0.0021934369133083218,25,5,0.0,0.0,0.0,0.22632,0.0018212632978237867,0.0008144937077718864,0.226192,0.0023722394482851043,0.001060897733054418,1954144.81701459,0.0,0.0,0.0,0.0,0.0,0.013111499996,0.1597065680820472,0.272068,0.0014632566418779904,0.0006543882639534505,25,5,0.0,0.0,0.0,0.310892,0.0014981722197397733,0.0006700029850679771,0.30897600000000003,0.0038188584681812976,0.0017078454262608198,1446578.27215902,14466.316489248973,6469.533410797361,0.0,0.0,0.0,0.0153614999942,0.1597065680820472,0.19791599999999998,0.0011578773682907966,0.0005178185010213561,25,5,0.0,0.0,0.0,4.000000000000001e-06,8.94427190999916e-06,4.000000000000001e-06,1.6000000000000003e-05,3.577708763999664e-05,1.6000000000000003e-05,503134.15784488694,18257.418587156997,8164.965810910243,0.0,0.0,0.0,0.028111499996,0.1597065680820472,0.13174599999999997,0.0009622006027850917,0.0004303091911637477,0.022058604026234496,0.024172885547256776,0.01081044305919767,25,5,0.0761121,0.0007271773743386088,0.0003252036081441881,8.000000000000001e-06,1.7888543819998323e-05,8.000000000000001e-06,0.0,0.0,0.0,528451.2560838609,0.0,0.0,218492.1624821385,4.1159031748919956e-11,1.8406878575731415e-11,0.023734150023,0.159878422950533,0.17803999999999998,0.0017009997060552329,0.0007607101944893322,25,5,0.056028393600000004,0.0015216149297029116,0.0006804868836788548,3.2000000000000005e-05,1.7888543819998323e-05,8.000000000000001e-06,4.800000000000001e-05,4.381780460041329e-05,1.9595917942265424e-05,239210.18396571727,1748.0072949513612,781.7326273353538,167021.78164279423,4038.632604245168,1806.1314078478401,0.046694325051,0.159878422950533,0.07889199999999999,0.0018948667499325673,0.000847410172230663,-2.8263977750433424,0.009717467068706657,0.004345783386948741,25,5,0.0,0.0,0.0,0.22576000000000002,0.0009903534722512047,0.0004428995371413291,0.22527999999999998,0.005273632524171534,0.0023584401624802704,532516.2657460048,9089.637933747079,4065.0096621438393,0.0,0.0,0.0,0.023734150023,0.159878422950533,0.178116,0.0023800588228024984,0.0010643946636469026,25,5,0.0,0.0,0.0,0.22460399999999997,0.0014049483976288923,0.0006283120243955215,0.226256,0.004783103594947525,0.002139068956345257,239210.1839657173,1748.0072949513744,781.7326273353596,0.0,0.0,0.0,0.046694325051,0.159878422950533,0.07842,0.0011096846398864898,0.0004962660576747131,-1.5467672127102823,0.006003644186012563,0.0026849113025290963,25,5
1.1,20260805,0.11653137,0.0007413545209614621,0.00033154382085932437,4.000000000000001e-06,8.94427190999916e-06,4.000000000000001e-06,0.0,0.0,0.0,1954144.81701459,0.0,0.0,806209.9308266283,0.0,0.0,0.013111499996,0.1597065680820472,0.272588,0.0017341626221320963,0.0007755411014253296,25,5,0.0586359,0.0005669816961331301,0.0002535619229103617,2e-05,3.4641016151377554e-05,1.549193338482967e-05,0.0,0.0,0.0,1027987.0946133735,0.0,0.0,425850.4327640863,0.0,0.0,0.018111499992,0.1597065680820472,0.13716,0.0013262729734108422,0.0005931273050534828,25,5,0.0851464046,0.0005718419042425992,0.0002557354740538754,4.000000000000001e-06,8.94427190999916e-06,4.000000000000001e-06,0.0,0.0,0.0,509800.82451288693,14907.119852980004,6666.666667999992,321780.7841891946,10136.981614978875,4533.395995551673,0.028111499996,0.1597065680820472,0.131732,0.0005123670559276839,0.00022913751329714757,0.9803584848575397,0.0026950184694801956,0.0012052488996750319,25,5,0.0,0.0,0.0,0.225432,0.0013573945631245071,0.0006070453030870054,0.22311999999999999,0.001159310139695152,0.0005184592558726274,1954144.81701459,0.0,0.0,0.0,0.0,0.0,0.013111499996,0.1597065680820472,0.272976,0.002849259552936499,0.0012742276091813345,25,5,0.0,0.0,0.0,0.31124399999999997,0.0009238398129546101,0.00041315372441743975,0.31265600000000004,0.0029607566600448575,0.0013240906313391073,1446578.2721590202,14466.316489248971,6469.53341079736,0.0,0.0,0.0,0.015361499994199997,0.1597065680820472,0.19805999999999999,0.0007767882594375387,0.0003473902704452158,25,5,0.0,0.0,0.0,0.0,0.0,0.0,0.0,0.0,0.0,496467.49117688695,18257.418587156997,8164.965810910243,0.0,0.0,0.0,0.028111499996,0.1597065680820472,0.1326,0.0008403273171806208,0.000375805800913179,0.01948651170263613,0.01187964491335376,0.005312738714963721,25,5,0.07551320399999999,0.0006976768670595268,0.0003120105802148371,8.000000000000001e-06,1.0954451150103323e-05,4.898979485566356e-06,1.6000000000000003e-05,3.577708763999664e-05,1.6000000000000003e-05,528451.2560838609,0.0,0.0,218401.15437787073,203.50030764611327,91.00810426776589,0.023734150023,0.159878422950533,0.17672800000000002,0.0015476821379081583,0.0006921444935849692,25,5,0.056467888,0.0020430290738210257,0.0009136703778144499,2e-05,3.4641016151377554e-05,1.549193338482967e-05,0.0,0.0,0.0,238428.4513383819,2.9103830456733704e-11,1.3015628661377062e-11,166324.18858836085,4789.3467605623055,2141.8609848871447,0.046694325051,0.159878422950533,0.07957999999999998,0.0006288083968904974,0.0002812116640539639,-2.8314490290141463,0.01815069423054857,0.008117237227663967,25,5,0.0,0.0,0.0,0.22484800000000002,0.0020636666397458557,0.0009228997778740604,0.22712000000000004,0.0032313464685793194,0.0014451020725194492,536581.2754081485,11132.487442163176,4978.599735867923,0.0,0.0,0.0,0.023734150023,0.159878422950533,0.17826,0.0026903903062566953,0.0012031791221592896,25,5,0.0,0.0,0.0,0.22625199999999998,0.002019732655575984,0.0009032519028488139,0.22519999999999998,0.004552977048042307,0.0020361532358837845,238428.4513383819,0.0,0.0,0.0,0.0,0.0,0.046694325051,0.159878422950533,0.079772,0.0012233233423751852,0.0005470868304026326,-1.5541516745589428,0.01136149289049976,0.0050810140858076076,25,5
1.11,20260805,0.11741855399999998,0.0006566402979028969,0.000293658468575318,1.6000000000000003e-05,8.94427190999916e-06,4.000000000000001e-06,1.6000000000000003e-05,3.5777087639996646e-05,1.6000000000000003e-05,1954144.81701459,0.0,0.0,805777.9308262827,965.9813670527251,432.0000003456138,0.013111499996,0.1597065680820472,0.274804,0.0015284894504052134,0.0006835612627994701,25,5,0.058779928800000006,0.0003134097382903098,0.0001401610959255103,2.8000000000000003e-05,1.788854381999832e-05,8.000000000000001e-06,3.2000000000000005e-05,4.381780460041329e-05,1.9595917942265424e-05,1027987.0946133735,0.0,0.0,425387.57562085893,636.1362970327627,284.488800624051,0.018111499992,0.1597065680820472,0.13764,0.0008820430828479797,0.00039446165846631227,25,5,0.08561478780000001,0.0007134000128169274,0.00031904218476157416,1.6000000000000003e-05,2.6076809620810595e-05,1.16619037896906e-05,0.0,0.0,0.0,509800.82451288693,14907.119852980002,6666.666667999991,321384.47844234563,10178.7781118695,4552.087957205432,0.028111499996,0.1597065680820472,0.13256,0.0005096567472328818,0.0002279254264008303,0.9798266148992434,0.003416014040645421,0.001527687921395378,25,5,0.0,0.0,0.0,0.22437199999999996,0.0018390541046961982,0.0008224499984801428,0.22504,0.004379589021814726,0.0019586117532579073,1954144.81701459,0.0,0.0,0.0,0.0,0.0,0.013111499996,0.1597065680820472,0.27279200000000003,0.0013639354823451056,0.000609970491089524,25,5,0.0,0.0,0.0,0.30943200000000004,0.002365823323919175,0.0010580283550075558,0.309392,0.0055039186040493114,0.0024614272282560017,1453047.8055698175,0.0,0.0,0.0,0.0,0.0,0.015611499994,0.1597065680820472,0.197044,0.0022953605381290276,0.0010265164392254007,25,5,0.0,0.0,0.0,8.000000000000001e-06,1.0954451150103324e-05,4.898979485566357e-06,1.6000000000000003e-05,3.577708763999664e-05,1.6000000000000003e-05,509800.82451288693,14907.119852980002,6666.666667999991,0.0,0.0,0.0,0.028111499996,0.1597065680820472,0.132002,0.0017556679640524282,0.0007851585827079772,0.003151004033688757,0.004196808384122315,0.001876869767087709,25,5,0.0761510736,0.0011306951117055328,0.0005056622263200579,4.000000000000001e-06,8.94427190999916e-06,4.000000000000001e-06,1.6000000000000003e-05,3.577708763999664e-05,1.6000000000000003e-05,528451.2560838609,0.0,0.0,218401.15437787073,203.50030764611324,91.00810426776589,0.023734150023,0.159878422950533,0.17821599999999999,0.002558257219280343,0.0011440874092480864,25,5,0.0561580332,0.0010809786080812095,0.0004834283299785376,1.6000000000000003e-05,1.6733200530681514e-05,7.483314773547884e-06,1.6000000000000003e-05,3.5777087639996646e-05,1.6000000000000003e-05,238428.4513383819,0.0,0.0,167376.67612133824,3103.014307735529,1387.710185450219,0.046694325051,0.159878422950533,0.07864800000000001,0.0014379568839155109,0.0006430738682297713,-2.832021854845501,0.00836135262094796,0.003739310568857134,25,5,0.0,0.0,0.0,0.22602800000000003,0.001202131440400763,0.0005376095237251686,0.22820800000000002,0.003240049382339734,0.0014489941338735703,528451.2560838609,0.0,0.0,0.0,0.0,0.0,0.023734150023,0.159878422950533,0.177744,0.0008415937262123613,0.00037637215624963723,25,5,0.0,0.0,0.0,0.22532799999999997,0.001090926211986866,0.00048787703368779567,0.22590399999999997,0.0029444999575479677,0.0013168204129645,238428.4513383819,0.0,0.0,0.0,0.0,0.0,0.046694325051,0.159878422950533,0.07955599999999999,0.0008930173570541629,0.0003993695030920619,-1.5531169523096964,0.01419735584885485,0.006349250555758734,25,5
1.12,20260805,0.11638944,0.0007832098684260895,0.00035026210128988046,2e-05,1.4142135623730951e-05,6.324555320336758e-06,0.0,0.0,0.0,1954144.81701459,0.0,0.0,806209.9308266283,0.0,0.0,0.013111499996,0.1597065680820472,0.27225599999999994,0.0018320698676633793,0.0008193265527248719,25,5,0.05824426319999999,0.0006051097279594825,0.00027061329711276154,2.0000000000000005e-05,2e-05,8.94427190999916e-06,1.6000000000000003e-05,3.577708763999664e-05,1.6000000000000003e-05,1027987.0946133735,0.0,0.0,425603.5756210317,551.9893526015273,246.8571430546231,0.018111499992,0.1597065680820472,0.136312,0.0014979719623544393,0.0006699134272426564,25,5,0.0848486,0.001024008945010003,0.00045795072212204217,4.000000000000001e-06,8.94427190999916e-06,4.000000000000001e-06,0.0,0.0,0.0,503134.15784488694,18257.418587156997,8164.965810910243,316115.5966313823,12603.779545096455,5636.58156725141,0.028111499996,0.1597065680820472,0.13184,0.0011787069186188722,0.0005271337591162222,0.9773919129756783,0.0022666984922132907,0.0010136983826170391,25,5,0.0,0.0,0.0,0.22427200000000003,0.002499183866785305,0.001117669002880544,0.22297599999999998,0.004135466116412999,0.0018494366709893048,1954144.81701459,0.0,0.0,0.0,0.0,0.0,0.013111499996,0.1597065680820472,0.272912,0.0009443092713724491,0.0004223079445144184,25,5,0.0,0.0,0.0,0.309948,0.002318603027687148,0.0010369107965490579,0.30792,0.0023033888078220696,0.0010301067905804694,1440108.7387482228,17717.546928135256,7923.527865170602,0.0,0.0,0.0,0.015111499994399999,0.1597065680820472,0.198804,0.002528889084163255,0.001130953579949245,25,5,0.0,0.0,0.0,8.000000000000001e-06,1.0954451150103324e-05,4.898979485566357e-06,1.6000000000000003e-05,3.5777087639996646e-05,1.6000000000000003e-05,496467.49117688695,18257.418587156997,8164.965810910243,0.0,0.0,0.0,0.028111499996,0.1597065680820472,0.132032,0.0011519418388095857,0.0005151640515408677,0.007834775944999725,0.009559561541483895,0.004275165888370133,25,5,0.0759069,0.000881085693193352,0.00039403350079657176,2.8000000000000003e-05,3.0331501776206206e-05,1.3564659966250538e-05,0.0,0.0,0.0,532516.2657460048,9089.637933747079,4065.0096621438393,220229.954112705,3885.8202166768533,1737.7916305664812,0.023734150023,0.159878422950533,0.17756,0.002061019165364554,0.0009217157913370045,25,5,0.0565290812,0.0007488889224786291,0.000334913307651757,2e-05,0.0,0.0,1.6000000000000003e-05,3.577708763999664e-05,1.6000000000000003e-05,238540.127427971,249.7153277824537,111.67608958904165,168850.8783841137,1301.9190809552858,582.2359132440141,0.04735033005179999,0.159878422950533,0.07854399999999999,0.0009707110795700255,0.0004341151920861568,-2.833377356347545,0.006981393565179724,0.003122174117884294,25,5,0.0,0.0,0.0,0.22487999999999997,0.002476529830226165,0.0011075378097383437,0.22515200000000002,0.0053536081291032335,0.0023942063403140598,528451.2560838609,0.0,0.0,0.0,0.0,0.0,0.023734150023,0.159878422950533,0.17822,0.0007890500617831603,0.0003528739151595111,25,5,0.0,0.0,0.0,0.22491999999999995,0.0013844132331063705,0.0006191284196352214,0.226512,0.004401308896226218,0.001968325176387278,238540.12742797093,249.7153277824537,111.67608958904165,0.0,0.0,0.0,0.0473503300518,0.159878422950533,0.078352,0.0011484424234588341,0.0005135990654197104,-1.5490518272729623,0.00815385365094099,0.0036465142084177787,25,5
1.13,20260805,0.11759691800000001,0.0011276879073662182,0.0005043173636550699,1.2000000000000002e-05,1.7888543819998323e-05,8.000000000000001e-06,3.2000000000000005e-05,4.381780460041329e-05,1.9595917942265424e-05,1954144.81701459,0.0,0.0,805602.1391929261,961.3528830911356,429.93007939143746,0.013111499996,0.1597065680820472,0.27536,0.002431337080702734,0.001087326997733441,25,5,0.058563951999999996,0.00048108780967718993,0.00021514900911693557,2.4e-05,2.1908902300206645e-05,9.797958971132712e-06,3.2000000000000005e-05,4.381780460041329e-05,1.9595917942265424e-05,1027987.0946133735,0.0,0.0,425347.5756208269,688.5655014144794,307.9358536248007,0.018111499992,0.1597065680820472,0.13713599999999998,0.001250871696058393,0.0005594068287034044,25,5,0.0848031842,0.0009104888720952035,0.0004071830021523973,4.000000000000001e-06,8.94427190999916e-06,4.000000000000001e-06,1.6000000000000003e-05,3.577708763999664e-05,1.6000000000000003e-05,496467.49117688695,18257.418587156997,8164.965810910243,311460.9210350501,11827.723878482211,5289.518922276737,0.028111499996,0.1597065680820472,0.131908,0.0012131858884771142,0.0005425532231956613,0.9768914235208148,0.004049163695612474,0.0018108410550827514,25,5,0.0,0.0,0.0,0.22483600000000004,0.002244522220874632,0.0010037808525768948,0.223264,0.00394214154997002,0.0017629792965318696,1954144.81701459,0.0,0.0,0.0,0.0,0.0,0.013111499996,0.1597065680820472,0.273628,0.0024034392024763064,0.0010748506873049803,25,5,0.0,0.0,0.0,0.3103520000000001,0.0021075388489894945,0.0009425200263124347,0.310736,0.004075448441582835,0.00182259595083496,1446578.2721590202,14466.316489248762,6469.533410797268,0.0,0.0,0.0,0.0153614999942,0.1597065680820472,0.19856400000000002,0.0022339829900874337,0.000999067565282748,25,5,0.0,0.0,0.0,0.0,0.0,0.0,0.0,0.0,0.0,516467.49118088686,0.0,0.0,0.0,0.0,0.0,0.028111499996,0.1597065680820472,0.13254000000000002,0.0008815043959050959,0.0003942207503417363,0.01992288726053022,0.01312416861538172,0.005869306634432563,25,5,0.0751773652,0.0007390400125874096,0.0003305087412475496,2.8000000000000003e-05,3.346640106136302e-05,1.4966629547095764e-05,3.2000000000000005e-05,7.155417527999328e-05,3.2000000000000005e-05,528451.2560838609,0.0,0.0,218286.87949420023,459.02671565423094,205.28298793826545,0.023734150023,0.159878422950533,0.17601999999999998,0.001554670383071607,0.0006952697318307503,25,5,0.0575081028,0.0006442309881084565,0.00028810885652447344,4.000000000000001e-06,8.94427190999916e-06,4.000000000000001e-06,1.6000000000000003e-05,3.577708763999664e-05,1.6000000000000003e-05,239991.91659305262,2140.8629696467724,957.4230261284504,169720.9078858462,1821.0395839913958,814.3936599045397,0.046694325051,0.159878422950533,0.079932,0.0005799310303820672,0.0002593530412391596,-2.829232373345256,0.008730776444058428,0.003904521925053707,25,5,0.0,0.0,0.0,0.225576,0.0011471181281803512,0.0005130068225667164,0.22632,0.00297294466816993,0.0013295412742747037,528451.2560838609,0.0,0.0,0.0,0.0,0.0,0.023734150023,0.159878422950533,0.177404,0.0012861881666381629,0.0005752008344917518,25,5,0.0,0.0,0.0,0.224088,0.0024159304625754425,0.0010804369486462403,0.225568,0.0037431964949759078,0.001674008363181016,238428.4513383819,0.0,0.0,0.0,0.0,0.0,0.046694325051,0.159878422950533,0.07939200000000002,0.0014129826608985665,0.0006319050561595458,-1.5566334801639252,0.009880995957876565,0.004418915729442529,25,5
1.14,20260805,0.11714191999999998,0.0008130910987091202,0.0003636253937227169,2.0000000000000005e-05,2e-05,8.94427190999916e-06,3.2000000000000005e-05,4.381780460041329e-05,1.9595917942265424e-05,1954144.81701459,0.0,0.0,805329.9308259243,1204.989627475371,538.8877438434155,0.013111499996,0.1597065680820472,0.27430000000000004,0.0019338562511210485,0.0008648468072439136,25,5,0.058813618,0.0011336001218992548,0.0005069613863737563,2.4e-05,1.6733200530681514e-05,7.483314773547884e-06,3.2000000000000005e-05,4.381780460041329e-05,1.9595917942265424e-05,1027987.0946133735,0.0,0.0,425347.5756208269,688.5655014144794,307.9358536248007,0.018111499992,0.1597065680820472,0.137716,0.0027056755163914186,0.0012100148759416117,25,5,0.0853917454,0.0005866000946950978,0.0002623355374692105,0.0,0.0,0.0,0.0,0.0,0.0,509800.82451288693,14907.119852980002,6666.666667999991,321617.5186216975,10043.717106351516,4491.686839315895,0.028111499996,0.1597065680820472,0.13217399999999999,0.00047284246848182724,0.0002114615804348335,0.9800096348329888,0.0023666728527098327,0.0010584082758325066,25,5,0.0,0.0,0.0,0.224052,0.0013298571351840836,0.0005947301909269477,0.225088,0.003315225482527534,0.0014826139079342215,1954144.81701459,0.0,0.0,0.0,0.0,0.0,0.013111499996,0.1597065680820472,0.274052,0.002364089676810089,0.0010572530444505734,25,5,0.0,0.0,0.0,0.309992,0.0026161269082366784,0.0011699675209167135,0.31135999999999997,0.0027457603682768546,0.0012279413666783808,1453047.8055698175,0.0,0.0,0.0,0.0,0.0,0.015611499994,0.1597065680820472,0.19872,0.0018760063965775793,0.0008389755657943792,25,5,0.0,0.0,0.0,8.000000000000001e-06,1.0954451150103323e-05,4.898979485566356e-06,0.0,0.0,0.0,503134.1578448868,18257.418587156997,8164.965810910243,0.0,0.0,0.0,0.028111499996,0.1597065680820472,0.131984,0.0010556893482459616,0.0004721186291600837,0.011534827896320241,0.017967312300249977,0.008035226335265412,25,5,0.07594670199999999,0.0009120922732213095,0.0004079000649350318,2e-05,1.4142135623730951e-05,6.324555320336758e-06,3.2000000000000005e-05,4.381780460041329e-05,1.9595917942265424e-05,528451.2560838609,0.0,0.0,218265.32372375578,319.13825218191033,142.7229652198444,0.023734150023,0.159878422950533,0.177836,0.00204046073228572,0.0009125217805619739,25,5,0.056457436400000005,0.001255013703782077,0.0005612591908701018,3.2000000000000005e-05,4.147288270665544e-05,1.8547236990991407e-05,1.6000000000000003e-05,3.577708763999664e-05,1.6000000000000003e-05,238428.4513383819,0.0,0.0,168410.13357076043,1942.4416486220352,868.6863137291263,0.046694325051,0.159878422950533,0.078568,0.0009878866331720453,0.00044179633316721837,-2.8316074864921155,0.012030307054024178,0.005380116872598659,25,5,0.0,0.0,0.0,0.225036,0.001977847314632754,0.0008845202089268504,0.223136,0.0044754977376823745,0.0020015034349208623,532516.2657460048,9089.637933747079,4065.0096621438393,0.0,0.0,0.0,0.023734150023,0.159878422950533,0.178864,0.0036939518134377586,0.0016519854720910899,25,5,0.0,0.0,0.0,0.22581199999999998,0.0014844258149196905,0.0006638554059431898,0.22375999999999996,0.001872751985715141,0.0008375201490113541,238428.4513383819,0.0,0.0,0.0,0.0,0.0,0.046694325051,0.159878422950533,0.078524,0.0008456240299329329,0.00037817456286747095,-1.5611737738739024,0.012889619721170902,0.005764413180132004,25,5
1.15,20260805,0.11653988599999998,0.0009133124915547798,0.000408445763163238,1.6000000000000003e-05,1.6733200530681514e-05,7.483314773547884e-06,1.6000000000000003e-05,3.5777087639996646e-05,1.6000000000000003e-05,1954144.81701459,0.0,0.0,806042.1391932782,375.19349822680346,167.79163335021585,0.013111499996,0.1597065680820472,0.27274800000000005,0.002033253550347363,0.0009092986308138988,25,5,0.058005657999999995,0.000354962815756806,0.00015874419710339033,3.6e-05,4.3358966777357606e-05,1.939071942966532e-05,8.000000000000002e-05,9.797958971132714e-05,4.381780460041329e-05,1027987.0946133735,0.0,0.0,424754.6772645764,1219.182849203722,545.2351455642796,0.018111499992,0.1597065680820472,0.136036,0.0006461269225160082,0.0002889567441677067,25,5,0.0844592084,0.0004904775776672201,0.00021934824102066733,0.0,0.0,0.0,0.0,0.0,0.0,503134.15784488694,18257.418587156997,8164.965810910243,316138.9709443856,12276.778364835756,5490.342193694292,0.028111499996,0.1597065680820472,0.131226,0.0009264610083538233,0.0004143259586364299,0.977465865245622,0.002955484449459668,0.0013217328270870717,25,5,0.0,0.0,0.0,0.22574399999999994,0.0021275995863883983,0.000951491460812979,0.2252,0.0010866462165764871,0.0004859629615515968,1954144.81701459,0.0,0.0,0.0,0.0,0.0,0.013111499996,0.1597065680820472,0.27418,0.0023523605165875383,0.0010520076045352515,25,5,0.0,0.0,0.0,0.30982800000000005,0.001812434826414449,0.0008105454953301479,0.308784,0.00029610808837314713,0.00013242356285797442,1446578.27215902,14466.316489248973,6469.533410797361,0.0,0.0,0.0,0.0153614999942,0.1597065680820472,0.19853200000000001,0.002687697899690364,0.001201975041338213,25,5,0.0,0.0,0.0,8.000000000000001e-06,1.0954451150103323e-05,4.898979485566356e-06,0.0,0.0,0.0,503134.1578448868,18257.418587156997,8164.965810910243,0.0,0.0,0.0,0.028111499996,0.1597065680820472,0.131346,0.0005612307903171433,0.00025099003964301265,0.01085614856546784,0.008716200177672155,0.0038980032205541363,25,5,0.07604883,0.0009334705027476666,0.0004174606998269373,2e-05,1.4142135623730951e-05,6.324555320336758e-06,0.0,0.0,0.0,532516.2657460048,9089.637933747079,4065.0096621438393,220229.954112705,3885.8202166768465,1737.791630566478,0.023734150023,0.159878422950533,0.177892,0.0021835567315735167,0.0009765162569051289,25,5,0.0557275312,0.001255493292127518,0.0005614736692984263,8.000000000000001e-06,1.788854381999832e-05,8.000000000000001e-06,1.6000000000000003e-05,3.577708763999664e-05,1.6000000000000003e-05,238428.4513383819,0.0,0.0,165038.5922557758,3785.777166240033,1693.051018275847,0.046694325051,0.159878422950533,0.07919200000000001,0.00044217643537393424,0.0001977473135089319,-2.8283664722527013,0.01025631127426951,0.0045867618415328226,25,5,0.0,0.0,0.0,0.22336400000000003,0.0014513028629476185,0.0006490423714981871,0.223792,0.005534069027397478,0.0024749109074873816,532516.2657460048,9089.637933747079,4065.0096621438393,0.0,0.0,0.0,0.023734150023,0.159878422950533,0.17717200000000002,0.0015730607108436704,0.0007034941364361175,25,5,0.0,0.0,0.0,0.22578,0.0025070700030114775,0.001121195790216853,0.226832,0.004252660343831822,0.0019018475228051162,238428.4513383819,0.0,0.0,0.0,0.0,0.0,0.046694325051,0.159878422950533,0.07904,0.0010180373274099508,0.00045528013354417194,-1.5506074184064724,0.005893116502297512,0.002635481819692606,25,5
1.16,20260805,0.11600298,0.0003377845200715919,0.00015106182972544433,4.000000000000001e-06,8.944271909999161e-06,4.000000000000001e-06,0.0,0.0,0.0,1954144.81701459,0.0,0.0,806209.9308266283,0.0,0.0,0.013111499996,0.1597065680820472,0.271352,0.0007901392282376569,0.0003533610052057244,25,5,0.057900988,0.00038524227305943595,0.00017228558207348693,2e-05,1.4142135623730951e-05,6.324555320336758e-06,4.800000000000001e-05,4.381780460041329e-05,1.9595917942265424e-05,1027987.0946133735,0.0,0.0,425347.0761119213,533.0048832069247,238.3670302380039,0.018111499992,0.1597065680820472,0.135656,0.0008374246234736625,0.00037450767682385504,25,5,0.08556736540000001,0.001120065481539048,0.0005009085111944693,8.000000000000001e-06,1.788854381999832e-05,8.000000000000001e-06,1.6000000000000003e-05,3.577708763999664e-05,1.6000000000000003e-05,503134.1578448868,18257.418587156997,8164.965810910243,318299.76318284404,11240.168787245408,5026.756297370421,0.028111499996,0.1597065680820472,0.13199199999999997,0.001498172219739771,0.000670002985067976,0.9825719220560831,0.002889794372399993,0.0012923553315365452,25,5,0.0,0.0,0.0,0.22558799999999998,0.0012616338613084094,0.000564219815320229,0.22915199999999997,0.004928805129034811,0.0022042286632742917,1954144.81701459,0.0,0.0,0.0,0.0,0.0,0.013111499996,0.1597065680820472,0.27320399999999995,0.0011161899479927126,0.000499175319902732,25,5,0.0,0.0,0.0,0.31182,0.0020984279830387476,0.000938445523192483,0.31212800000000007,0.005560028776903936,0.0024865204604024426,1453047.8055698175,0.0,0.0,0.0,0.0,0.0,0.015611499994,0.1597065680820472,0.197404,0.0019193436378095489,0.0008583565692647774,25,5,0.0,0.0,0.0,1.6000000000000003e-05,1.6733200530681514e-05,7.483314773547884e-06,1.6000000000000003e-05,3.577708763999664e-05,1.6000000000000003e-05,509800.82451288693,14907.119852980002,6666.666667999991,0.0,0.0,0.0,0.028111499996,0.1597065680820472,0.131644,0.0012298089282486067,0.0005499872725800092,0.01740064997933765,0.01327819410809707,0.005938188928828448,25,5,0.07666271999999999,0.0008089492935283392,0.0003617731221359594,1.2000000000000002e-05,1.788854381999832e-05,8.000000000000001e-06,0.0,0.0,0.0,536581.2754081485,11132.487442163174,4978.599735867922,221967.7457432715,4759.138381524718,2128.3513870835195,0.023734150023,0.159878422950533,0.179328,0.0018922790491890929,0.000846252917277096,25,5,0.0558757496,0.0017518143669312685,0.0007834352016838152,8.000000000000001e-06,1.0954451150103323e-05,4.898979485566356e-06,1.6000000000000003e-05,3.577708763999664e-05,1.6000000000000003e-05,238428.4513383819,0.0,0.0,166508.904467982,3248.2815982902043,1452.6756927677122,0.046694325051,0.159878422950533,0.078664,0.0011745978035055257,0.0005252961069720592,-2.8236449349654604,0.007588972226916299,0.003393891555748561,25,5,0.0,0.0,0.0,0.22600399999999995,0.0016522953731097894,0.0007389289546363734,0.22559999999999997,0.003496283741345945,0.0015635856228553649,528451.2560838609,0.0,0.0,0.0,0.0,0.0,0.023734150023,0.159878422950533,0.17863199999999999,0.0023111728624228864,0.0010335879256260685,25,5,0.0,0.0,0.0,0.224016,0.0014528867815490761,0.0006497507214309243,0.22208,0.0028057084666800224,0.0012547509713086466,238428.4513383819,0.0,0.0,0.0,0.0,0.0,0.046694325051,0.159878422950533,0.078872,0.00123106457994696,0.0005505488170907254,-1.554984716823471,0.019737708968704696,0.008826971794826194,25,5
1.17,20260805,0.11662101919999998,0.0005232201010504114,0.0002339911426286058,8.000000000000001e-06,1.0954451150103323e-05,4.898979485566356e-06,1.6000000000000003e-05,3.577708763999664e-05,1.6000000000000003e-05,1954144.81701459,0.0,0.0,805612.5974928172,1335.67793962844,597.3333338112104,0.013111499996,0.1597065680820472,0.272944,0.0009972361806512922,0.00044597757791170993,25,5,0.058351068799999996,0.000687324071597382,0.0003073806693327357,2.8000000000000003e-05,2.2803508501982765e-05,1.0198039027185571e-05,4.800000000000001e-05,4.381780460041329e-05,1.9595917942265424e-05,1027987.0946133735,0.0,0.0,425214.75443769654,640.0729528666621,286.24932663377507,0.018111499992,0.1597065680820472,0.136704,0.0015732386977188274,0.0007035737345865082,25,5,0.0851454526,0.0007147325713169258,0.00031963812303957247,4.000000000000001e-06,8.944271909999161e-06,4.000000000000001e-06,0.0,0.0,0.0,509800.82451288693,14907.119852980004,6666.666667999992,321247.00299633807,8500.593406964612,3801.580941411881,0.028111499996,0.1597065680820472,0.131924,0.0015593203647743354,0.0006973492668670365,0.9793894445896638,0.003532950454736445,0.001579983475585897,25,5,0.0,0.0,0.0,0.22349999999999998,0.0010427847332983042,0.0004663475099107993,0.222688,0.004009827926482646,0.0017932495643384451,1954144.81701459,0.0,0.0,0.0,0.0,0.0,0.013111499996,0.1597065680820472,0.272976,0.0011561487793532693,0.0005170454525474631,25,5,0.0,0.0,0.0,0.31044799999999995,0.0016886444267518177,0.0007551847456086457,0.310704,0.003984128511983508,0.0017817564367780417,1453047.8055698175,0.0,0.0,0.0,0.0,0.0,0.015611499994,0.1597065680820472,0.196544,0.001695724034151786,0.0007583508422887137,25,5,0.0,0.0,0.0,1.2000000000000002e-05,1.0954451150103323e-05,4.898979485566356e-06,1.6000000000000003e-05,3.577708763999664e-05,1.6000000000000003e-05,496467.49117688683,18257.418587156997,8164.965810910243,0.0,0.0,0.0,0.028111499996,0.1597065680820472,0.131788,0.0010679513097515277,0.00047760234505287,0.0028658519235956574,0.0026641318586985005,0.0011914359874145423,25,5,0.07567109479999999,0.0005172552522548225,0.00023132358115211688,1.6000000000000003e-05,1.6733200530681514e-05,7.483314773547884e-06,1.6000000000000003e-05,3.5777087639996646e-05,1.6000000000000003e-05,528451.2560838609,0.0,0.0,218378.34221159847,254.50986214491667,113.82027054002681,0.023734150023,0.159878422950533,0.17709999999999998,0.001119196140093419,0.0005005197298808525,25,5,0.0562570672,0.0013029273594706728,0.0005826868291041457,2.0000000000000005e-05,1.4142135623730951e-05,6.324555320336758e-06,0.0,0.0,0.0,238428.4513383819,0.0,0.0,166279.4087163602,3902.9759990762104,1745.4639296969126,0.046694325051,0.159878422950533,0.079308,0.00039989998749687914,0.00017884071124886754,-2.8273077582477755,0.013023902694676468,0.005824466351527854,25,5,0.0,0.0,0.0,0.224948,0.002443792135186625,0.0010928970674313298,0.22550399999999998,0.002996210940504687,0.0013399462675794116,528451.2560838609,0.0,0.0,0.0,0.0,0.0,0.023734150023,0.159878422950533,0.178044,0.0020416365984180455,0.0009130476438828378,25,5,0.0,0.0,0.0,0.226396,0.0016274765743321807,0.000727829650399049,0.22435200000000002,0.004987857255375301,0.00223063757701694,239210.18396571727,1748.0072949513612,781.7326273353538,0.0,0.0,0.0,0.046694325051,0.159878422950533,0.07958000000000001,0.000653911308970876,0.00029243802762294935,-1.5614206756797184,0.01230810909317689,0.005504353721365363,25,5
1.18,20260805,0.1170834948,0.00079412531085163,0.0003551436355434792,1.2000000000000002e-05,1.0954451150103323e-05,4.898979485566356e-06,1.6000000000000003e-05,3.577708763999664e-05,1.6000000000000003e-05,1954144.81701459,0.0,0.0,805601.9308261421,1359.5293314075623,608.0000004864298,0.013111499996,0.1597065680820472,0.274028,0.002097407924081521,0.0009379893389585998,25,5,0.0585808644,0.00034535725082991697,0.000154448457875628,2.4000000000000004e-05,2.60768096208106e-05,1.1661903789690601e-05,6.400000000000001e-05,6.693280212272606e-05,2.9933259094191536e-05,1027987.0946133735,0.0,0.0,424849.28990614257,1017.7718769420262,455.16142048598425,0.018111499992,0.1597065680820472,0.13732,0.0008984430978086424,0.0004017959681231234,25,5,0.085035383,0.0010855339507666317,0.0004854655411596197,8.000000000000001e-06,1.0954451150103324e-05,4.898979485566357e-06,1.6000000000000003e-05,3.577708763999664e-05,1.6000000000000003e-05,503134.15784488694,18257.418587156997,8164.965810910243,316848.9606996112,11370.95636687907,5085.246281105128,0.028111499996,0.1597065680820472,0.13184200000000001,0.002034826773953988,0.0009100021977995432,0.9791350654482581,0.0035073311572232195,0.0015685261774308241,25,5,0.0,0.0,0.0,0.22332799999999997,0.001440944134933768,0.0006444098074983069,0.224416,0.00376314761868307,0.0016829307769483605,1954144.81701459,0.0,0.0,0.0,0.0,0.0,0.013111499996,0.1597065680820472,0.273232,0.002181586578616583,0.0009756351777175737,25,5,0.0,0.0,0.0,0.309668,0.0022636519167045185,0.001012335912629799,0.311904,0.005119499975583575,0.0022895099912426777,1440108.738748223,17717.546928135,7923.527865170488,0.0,0.0,0.0,0.015111499994399999,0.1597065680820472,0.19812,0.0022304708023195433,0.0009974968671629988,25,5,0.0,0.0,0.0,8.000000000000001e-06,1.788854381999832e-05,8.000000000000001e-06,0.0,0.0,0.0,509800.82451288693,14907.119852980004,6666.666667999992,0.0,0.0,0.0,0.028111499996,0.1597065680820472,0.131168,0.0010083005504312624,0.0004509257145029515,0.0037843722751114825,0.006328906044867971,0.0028303728279068232,25,5,0.07568118,0.0008229480486336942,0.0003680335557391486,1.6000000000000003e-05,1.6733200530681514e-05,7.483314773547884e-06,0.0,0.0,0.0,536581.2754081485,11132.487442163174,4978.599735867922,221967.7457432715,4759.138381524718,2128.3513870835195,0.023734150023,0.159878422950533,0.177032,0.0019250246751665238,0.0008608972064073596,25,5,0.0557645908,0.0012154806581444258,0.0005435794753894239,2e-05,3.4641016151377554e-05,1.549193338482967e-05,1.6000000000000003e-05,3.577708763999664e-05,1.6000000000000003e-05,239991.91659305262,2140.862969646764,957.4230261284467,168231.9364073155,2982.983192435673,1334.0306388051004,0.046694325051,0.159878422950533,0.07822,0.001163357210834232,0.0005202691611079796,-2.830713674657182,0.010371030468264366,0.004638065824752119,25,5,0.0,0.0,0.0,0.225368,0.0013694232362567744,0.0006124246892475804,0.22739199999999998,0.003896500994482102,0.0017425682196115025,528451.2560838609,0.0,0.0,0.0,0.0,0.0,0.023734150023,0.159878422950533,0.178848,0.0014153868729078936,0.000632980252456581,25,5,0.0,0.0,0.0,0.22501599999999997,0.0015568172660913044,0.000696229847105107,0.22507200000000002,0.004275923292108963,0.0019122510295460661,238428.4513383819,0.0,0.0,0.0,0.0,0.0,0.046694325051,0.159878422950533,0.078956,0.0004829906831399584,0.0002160000000000017,-1.5538027643798835,0.003884158079304293,0.0017370483001358835,25,5
1.2,20260805,0.1166930448,0.0007020297227220534,0.000313957236446368,1.6000000000000003e-05,2.6076809620810595e-05,1.16619037896906e-05,1.6000000000000003e-05,3.5777087639996646e-05,1.6000000000000003e-05,1954144.81701459,0.0,0.0,805753.9308262635,1019.6469985556196,456.000000364799,0.013111499996,0.1597065680820472,0.27310799999999996,0.0013333866656000525,0.0005963086449146995,25,5,0.057909606,0.0007726732086089146,0.00034554996376848175,1.6000000000000003e-05,1.6733200530681514e-05,7.483314773547884e-06,3.2000000000000005e-05,4.38178046004133e-05,1.9595917942265427e-05,1027987.0946133735,0.0,0.0,425463.97446779086,580.2745576134052,259.50667128743845,0.018111499992,0.1597065680820472,0.135604,0.001783109643291747,0.0007974308747471496,25,5,0.08593646340000001,0.00045198840746007453,0.00020213536082451994,8.000000000000001e-06,1.0954451150103324e-05,4.898979485566357e-06,0.0,0.0,0.0,509800.8245128868,14907.119852980002,6666.666667999991,322288.108593895,9415.08707652602,4210.554943438389,0.028111499996,0.1597065680820472,0.13274,0.0005974110812497393,0.0002671703576372134,0.9814734582499106,0.0032460792939631444,0.0014516907923312226,25,5,0.0,0.0,0.0,0.22635199999999997,0.00258834309935912,0.0011575422238518968,0.22536,0.005784392794408062,0.0025868590993712785,1954144.81701459,0.0,0.0,0.0,0.0,0.0,0.013111499996,0.1597065680820472,0.273716,0.0010898073224198954,0.0004873766510615833,25,5,0.0,0.0,0.0,0.31043200000000004,0.0024284398283671614,0.001086031307099379,0.31,0.005002399424276326,0.0022371410326575353,1453047.8055698175,0.0,0.0,0.0,0.0,0.0,0.015611499994,0.1597065680820472,0.19773999999999997,0.0019411852049714376,0.0008681244150465994,25,5,0.0,0.0,0.0,0.0,0.0,0.0,0.0,0.0,0.0,503134.15784488694,18257.418587156997,8164.965810910243,0.0,0.0,0.0,0.028111499996,0.1597065680820472,0.13113599999999997,0.0002853594224832882,0.00012761661333854284,0.020177332398859986,0.02188649403125024,0.009787937688603789,25,5,0.07608022560000001,0.0005562285156541303,0.00024875295440528823,1.6000000000000003e-05,1.6733200530681514e-05,7.483314773547884e-06,3.2000000000000005e-05,4.381780460041329e-05,1.9595917942265424e-05,528451.2560838609,0.0,0.0,218237.28637632207,351.398866194698,157.15035040553948,0.023734150023,0.159878422950533,0.178156,0.0010530337126607068,0.00047093099282166423,25,5,0.0559286728,0.0016320679270512002,0.0007298829657567303,1.2000000000000002e-05,1.0954451150103323e-05,4.898979485566356e-06,1.6000000000000003e-05,3.577708763999664e-05,1.6000000000000003e-05,239210.1839657173,1748.0072949513615,781.7326273353538,166581.79106096504,3897.993430406252,1743.235657247195,0.046694325051,0.159878422950533,0.078976,0.0012824507787825607,0.0005735294238310701,-2.8232790394445475,0.007323139247989545,0.0032750074334402623,25,5,0.0,0.0,0.0,0.225408,0.002136380115990593,0.0009554182330267702,0.224464,0.0020485311811148993,0.0009161309950001696,528451.2560838609,0.0,0.0,0.0,0.0,0.0,0.023734150023,0.159878422950533,0.1782,0.0032082393925640823,0.001434768273973184,25,5,0.0,0.0,0.0,0.22450400000000004,0.0020089499744891668,0.000898429741270849,0.22470400000000001,0.0039644015941879655,0.001772934290942565,238428.4513383819,0.0,0.0,0.0,0.0,0.0,0.046694325051,0.159878422950533,0.07971600000000001,0.0004174685616905796,0.0001866976164818401,-1.5532457650269458,0.00956050278237878,0.004275586824094966,25,5
1.22,20260805,0.11661345000000001,0.0008047907492013081,0.0003599133645754219,2.4000000000000004e-05,2.60768096208106e-05,1.1661903789690601e-05,0.0,0.0,0.0,1954144.81701459,0.0,0.0,806209.9308266283,0.0,0.0,0.013111499996,0.1597065680820472,0.2727799999999999,0.0018825514601200437,0.0008419026071939804,25,5,0.05872824,0.0006642750262504249,0.0002970728228902814,4.000000000000001e-06,8.94427190999916e-06,4.000000000000001e-06,0.0,0.0,0.0,1027987.0946133735,0.0,0.0,425850.4327640863,0.0,0.0,0.018111499992,0.1597065680820472,0.137376,0.0015538597105273033,0.0006949071880474391,25,5,0.0851952412,0.0007090612991615688,0.00031710185302791645,4.000000000000001e-06,8.94427190999916e-06,4.000000000000001e-06,1.6000000000000003e-05,3.577708763999664e-05,1.6000000000000003e-05,503134.1578448868,18257.418587156997,8164.965810910243,317146.5845546686,12606.389881717565,5637.7489452772015,0.028111499996,0.1597065680820472,0.13194,0.0005253094326204172,0.00023492552011221966,0.9798759614447936,0.0038200576705693895,0.0017083817258725304,25,5,0.0,0.0,0.0,0.22615600000000002,0.001090082565680245,0.00048749974358968144,0.227664,0.004102448049640608,0.0018346705426315663,1954144.81701459,0.0,0.0,0.0,0.0,0.0,0.013111499996,0.1597065680820472,0.27318800000000004,0.001462504700847134,0.0006540519857014371,25,5,0.0,0.0,0.0,0.30949600000000005,0.001918301331908002,0.0008578904358949357,0.30913599999999997,0.0043650979370456365,0.001952131143135628,1446578.2721590202,14466.316489248971,6469.53341079736,0.0,0.0,0.0,0.0153614999942,0.1597065680820472,0.198812,0.0012136391555977281,0.0005427559304143929,25,5,0.0,0.0,0.0,4.000000000000001e-06,8.94427190999916e-06,4.000000000000001e-06,0.0,0.0,0.0,503134.1578448868,18257.418587156997,8164.965810910243,0.0,0.0,0.0,0.028111499996,0.1597065680820472,0.132402,0.0010669676658643498,0.00047716244613339357,0.01661851181791434,0.014593447987652832,0.006526388345299849,25,5,0.0757177612,0.0006809508166359742,0.0003045304630664066,2e-05,2e-05,8.94427190999916e-06,3.2000000000000005e-05,4.381780460041329e-05,1.9595917942265424e-05,532516.2657460048,9089.637933747079,4065.0096621438393,219990.74233113774,3758.8243251570343,1680.9973413061803,0.023734150023,0.159878422950533,0.17730799999999997,0.0014486269361018976,0.0006478456606322174,25,5,0.05553287240000001,0.0015440876663780432,0.0006905369970480642,2.8000000000000003e-05,2.2803508501982765e-05,1.0198039027185571e-05,3.2000000000000005e-05,4.38178046004133e-05,1.9595917942265427e-05,239210.1839657173,1748.0072949513615,781.7326273353538,166220.95928431704,3989.5719338370905,1784.1908090370055,0.046694325051,0.159878422950533,0.07859600000000001,0.0012700708641646742,0.0005679929577028226,-2.8263727584476412,0.008653760889441338,0.003870079521963975,25,5,0.0,0.0,0.0,0.22455599999999998,0.00123047958130153,0.00055028719774314,0.223072,0.0028969501203852245,0.0012955554793215123,528451.2560838609,0.0,0.0,0.0,0.0,0.0,0.023734150023,0.159878422950533,0.17650000000000002,0.001659035864591232,0.0007419433940672262,25,5,0.0,0.0,0.0,0.22577600000000003,0.002186293667374074,0.0009777402518051487,0.22665600000000002,0.003036524328899737,0.0013579749629503482,239210.1839657173,1748.0072949513744,781.7326273353596,0.0,0.0,0.0,0.046694325051,0.159878422950533,0.07931200000000001,0.000995650541103654,0.0004452684583484437,-1.5503334646038778,0.00908892244719314,0.00406468968682952,25,5
