atm_visibility,global_seed,R_sk-BB84,R_sk_std-BB84,R_sk_sem-BB84,QBER_total-BB84,QBER_total_std-BB84,QBER_total_sem-BB84,QBER_est-BB84,QBER_est_std-BB84,QBER_est_sem-BB84,Throughputs-BB84,Throughputs_std-BB84,Throughputs_sem-BB84,Throughput_final-BB84,Throughput_final_std-BB84,Throughput_final_sem-BB84,Latency-BB84,Loss-BB84,R_s-BB84,R_s_std-BB84,R_s_sem-BB84,N_keys-BB84,N_replicas-BB84,R_sk-B92,R_sk_std-B92,R_sk_sem-B92,QBER_total-B92,QBER_total_std-B92,QBER_total_sem-B92,QBER_est-B92,QBER_est_std-B92,QBER_est_sem-B92,Throughputs-B92,Throughputs_std-B92,Throughputs_sem-B92,Throughput_final-B92,Throughput_final_std-B92,Throughput_final_sem-B92,Latency-B92,Loss-B92,R_s-B92,R_s_std-B92,R_s_sem-B92,N_keys-B92,N_replicas-B92,R_sk-COW,R_sk_std-COW,R_sk_sem-COW,QBER_total-COW,QBER_total_std-COW,QBER_total_sem-COW,QBER_est-COW,QBER_est_std-COW,QBER_est_sem-COW,Throughputs-COW,Throughputs_std-COW,Throughputs_sem-COW,Throughput_final-COW,Throughput_final_std-COW,Throughput_final_sem-COW,Latency-COW,Loss-COW,R_s-COW,R_s_std-COW,R_s_sem-COW,Visibility-COW,Visibility_std-COW,Visibility_sem-COW,N_keys-COW,N_replicas-COW,R_sk-BB84+Eve,R_sk_std-BB84+Eve,R_sk_sem-BB84+Eve,QBER_total-BB84+Eve,QBER_total_std-BB84+Eve,QBER_total_sem-BB84+Eve,QBER_est-BB84+Eve,QBER_est_std-BB84+Eve,QBER_est_sem-BB84+Eve,Throughputs-BB84+Eve,Throughputs_std-BB84+Eve,Throughputs_sem-BB84+Eve,Throughput_final-BB84+Eve,Throughput_final_std-BB84+Eve,Throughput_final_sem-BB84+Eve,Latency-BB84+Eve,Loss-BB84+Eve,R_s-BB84+Eve,R_s_std-BB84+Eve,R_s_sem-BB84+Eve,N_keys-BB84+Eve,N_replicas-BB84+Eve,R_sk-B92+Eve,R_sk_std-B92+Eve,R_sk_sem-B92+Eve,QBER_total-B92+Eve,QBER_total_std-B92+Eve,QBER_total_sem-B92+Eve,QBER_est-B92+Eve,QBER_est_std-B92+Eve,QBER_est_sem-B92+Eve,Throughputs-B92+Eve,Throughputs_std-B92+Eve,Throughputs_sem-B92+Eve,Throughput_final-B92+Eve,Throughput_final_std-B92+Eve,Throughput_final_sem-B92+Eve,Latency-B92+Eve,Loss-B92+Eve,R_s-B92+Eve,R_s_std-B92+Eve,R_s_sem-B92+Eve,N_keys-B92+Eve,N_replicas-B92+Eve,R_sk-COW+Eve,R_sk_std-COW+Eve,R_sk_sem-COW+Eve,QBER_total-COW+Eve,QBER_total_std-COW+Eve,QBER_total_sem-COW+Eve,QBER_est-COW+Eve,QBER_est_std-COW+Eve,QBER_est_sem-COW+Eve,Throughputs-COW+Eve,Throughputs_std-COW+Eve,Throughputs_sem-COW+Eve,Throughput_final-COW+Eve,Throughput_final_std-COW+Eve,Throughput_final_sem-COW+Eve,Latency-COW+Eve,Loss-COW+Eve,R_s-COW+Eve,R_s_std-COW+Eve,R_s_sem-COW+Eve,Visibility-COW+Eve,Visibility_std-COW+Eve,Visibility_sem-COW+Eve,N_keys-COW+Eve,N_replicas-COW+Eve,R_sk-BBM92,R_sk_std-BBM92,R_sk_sem-BBM92,QBER_total-BBM92,QBER_total_std-BBM92,QBER_total_sem-BBM92,QBER_est-BBM92,QBER_est_std-BBM92,QBER_est_sem-BBM92,Throughputs-BBM92,Throughputs_std-BBM92,Throughputs_sem-BBM92,Throughput_final-BBM92,Throughput_final_std-BBM92,Throughput_final_sem-BBM92,Latency-BBM92,Loss-BBM92,R_s-BBM92,R_s_std-BBM92,R_s_sem-BBM92,N_keys-BBM92,N_replicas-BBM92,R_sk-E91,R_sk_std-E91,R_sk_sem-E91,QBER_total-E91,QBER_total_std-E91,QBER_total_sem-E91,QBER_est-E91,QBER_est_std-E91,QBER_est_sem-E91,Throughputs-E91,Throughputs_std-E91,Throughputs_sem-E91,Throughput_final-E91,Throughput_final_std-E91,Throughput_final_sem-E91,Latency-E91,Loss-E91,R_s-E91,R_s_std-E91,R_s_sem-E91,CHSH_S-E91,CHSH_S_std-E91,CHSH_S_sem-E91,N_keys-E91,N_replicas-E91,R_sk-BBM92+Eve,R_sk_std-BBM92+Eve,R_sk_sem-BBM92+Eve,QBER_total-BBM92+Eve,QBER_total_std-BBM92+Eve,QBER_total_sem-BBM92+Eve,QBER_est-BBM92+Eve,QBER_est_std-BBM92+Eve,QBER_est_sem-BBM92+Eve,Throughputs-BBM92+Eve,Throughputs_std-BBM92+Eve,Throughputs_sem-BBM92+Eve,Throughput_final-BBM92+Eve,Throughput_final_std-BBM92+Eve,Throughput_final_sem-BBM92+Eve,Latency-BBM92+Eve,Loss-BBM92+Eve,R_s-BBM92+Eve,R_s_std-BBM92+Eve,R_s_sem-BBM92+Eve,N_keys-BBM92+Eve,N_replicas-BBM92+Eve,R_sk-E91+Eve,R_sk_std-E91+Eve,R_sk_sem-E91+Eve,QBER_total-E91+Eve,QBER_total_std-E91+Eve,QBER_total_sem-E91+Eve,QBER_est-E91+Eve,QBER_est_std-E91+Eve,QBER_est_sem-E91+Eve,Throughputs-E91+Eve,Throughputs_std-E91+Eve,Throughputs_sem-E91+Eve,Throughput_final-E91+Eve,Throughput_final_std-E91+Eve,Throughput_final_sem-E91+Eve,Latency-E91+Eve,Loss-E91+Eve,R_s-E91+Eve,R_s_std-E91+Eve,R_s_sem-E91+Eve,CHSH_S-E91+Eve,CHSH_S_std-E91+Eve,CHSH_S_sem-E91+Eve,N_keys-E91+Eve,N_replicas-E91+Eve
100,20260805,,,,,,,,,,,,,,,,0.0,0.999999999998702,,,,0,0,,,,,,,,,,,,,,,,0.0,0.999999999998702,,,,0,0,,,,,,,,,,,,,,,,0.0,0.999999999998702,,,,,,,0,0,,,,,,,,,,,,,,,,0.0,0.999999999998702,,,,0,0,,,,,,,,,,,,,,,,0.0,0.999999999998702,,,,0,0,,,,,,,,,,,,,,,,0.0,0.999999999998702,,,,,,,0,0,,,,,,,,,,,,,,,,0.0,0.9999999999987021,,,,0,0,,,,,,,,,,,,,,,,0.0,0.9999999999987021,,,,0.0006578947368421052,0.0058843894144731314,0.0026315789473684214,0,5,,,,,,,,,,,,,,,,0.0,0.9999999999987021,,,,0,0,,,,,,,,,,,,,,,,0.0,0.9999999999987021,,,,0.0,0.004028766024314437,0.0018017189391617303,0,5
200,20260805,,,,,,,,,,,,,,,,0.0,0.9999988608346511,,,,0,0,,,,,,,,,,,,,,,,0.0,0.9999988608346511,,,,0,0,,,,,,,,,,,,,,,,0.0,0.9999988608346511,,,,,,,0,0,,,,,,,,,,,,,,,,0.0,0.9999988608346511,,,,0,0,,,,,,,,,,,,,,,,0.0,0.9999988608346511,,,,0,0,,,,,,,,,,,,,,,,0.0,0.9999988608346511,,,,,,,0,0,,,,,,,,,,,,,,,,0.0,0.9999988610676306,,,,0,0,,,,,,,,,,,,,,,,0.0,0.9999988610676306,,,,-0.004605263157894736,0.014262818018867631,0.00637852612817938,0,5,,,,,,,,,,,,,,,,0.0,0.9999988610676306,,,,0,0,,,,,,,,,,,,,,,,0.0,0.9999988610676306,,,,0.0006578947368421052,0.006327428967655048,0.002829712258895601,0,5
500,20260805,0.000608324,5.846612805719221e-05,2.6146847343417898e-05,0.004540000000000001,0.00032093613071762414,0.00014352700094407317,0.00448,0.001245792920191795,0.0005571355310873648,10899.687970266285,127.89181095959901,57.194956614243196,4174.533660928186,86.21730150940297,38.55754940232405,0.9216114992691999,0.995806479629277,0.0015800000000000002,0.00013038404810405293,5.830951894845298e-05,5,5,,,,,,,,,,,,,,,,0.0,0.995806479629277,,,,0,0,,,,,,,,,,,,,,,,0.0,0.995806479629277,,,,,,,0,0,0.0,0.0,0.0,0.22822,0.0034924203641600714,0.001561857868053298,0.22712,0.008701264275954393,0.0038913236822449024,10931.968456761197,98.28513802135458,43.9544499587396,0.0,0.0,0.0,0.9188614992713999,0.995806479629277,0.00136,0.00011401754250991384,5.099019513592787e-05,5,5,,,,,,,,,,,,,,,,0.0,0.995806479629277,,,,0,0,,,,,,,,,,,,,,,,0.0,0.995806479629277,,,,,,,0,0,,,,,,,,,,,,,,,,0.0,0.9958073372783607,,,,0,0,,,,,,,,,,,,,,,,0.0,0.9958073372783607,,,,-2.447360066833751,0.03940407921919799,0.017622039944982706,0,5,,,,,,,,,,,,,,,,0.0,0.9958073372783607,,,,0,0,,,,,,,,,,,,,,,,0.0,0.9958073372783607,,,,-1.3466771094402676,0.07429008686662068,0.033223536857625635,0,5
1000,20260805,0.0138914272,0.0003114758788336591,0.00013929624768470992,0.00018399999999999997,8.876936408468859e-05,3.969886648255842e-05,0.000176,0.00018242806801586206,8.158431221748454e-05,254892.8281203107,0.0,0.0,106701.96009251352,542.4955853774987,242.6114012795256,0.046861499969,0.8995932610393226,0.032656,0.0007920101009456894,0.0003541976849162064,25,5,0.0068516843999999995,0.00011530751595971515,5.156708880051299e-05,0.00041999999999999996,0.00011313708498984758,5.059644256269406e-05,0.000336,0.00020707486568871656,9.26066952223218e-05,129290.47904356048,477.0202885356525,213.32995836245652,54268.893278924304,279.8822012800015,125.16712555087238,0.08561149993799999,0.8995932610393226,0.016176,0.0002342648074295427,0.00010476640682967105,25,5,0.006254381200000001,0.0001315289450470884,5.882153242682478e-05,7.2e-05,3.0331501776206206e-05,1.3564659966250538e-05,3.2000000000000005e-05,4.38178046004133e-05,1.9595917942265427e-05,66883.49045020416,364.56846348583093,163.03997336139358,24453.805807434168,405.5526746054872,181.3686697749444,0.15911149996979995,0.8995932610393226,0.017022000000000002,0.00040898655234616324,0.00018290434658585941,0.9744466653325837,0.007804333184849159,0.00349020390407603,25,5,0.0,0.0,0.0,0.22502,0.0011121151019566383,0.0004973529933558305,0.227792,0.0026836393200279254,0.0012001599893347507,255925.08618565262,1538.7994696179762,688.1720435612834,0.0,0.0,0.0,0.046861499969,0.8995932610393226,0.032348,0.0004627310233818362,0.00020693960471596605,25,5,0.0,0.0,0.0,0.309936,0.002927230773273607,0.0013090973989738118,0.3125760000000001,0.005462131452098145,0.0024427394457862176,185847.70565066359,969.1606855365918,433.4218347960233,0.0,0.0,0.0,0.0626114999564,0.8995932610393226,0.024012,0.0002109976303184463,9.43610088966833e-05,25,5,0.0,0.0,0.0,4.8e-05,4.381780460041329e-05,1.9595917942265424e-05,4.800000000000001e-05,7.155417527999329e-05,3.2000000000000005e-05,66781.2017289771,13.26551266116328,5.932517613349045,0.0,0.0,0.0,0.15811149996999999,0.8995932610393226,0.01717,0.0003824264635194598,0.0001710263137648711,0.013599193469002045,0.015355829038586238,0.006867335516228814,25,5,0.009041973999999998,0.0003908716248719005,0.00017480310473787342,0.00017600000000000002,7.536577472566709e-05,3.370459909270543e-05,0.00017600000000000002,0.00015388307249337077,6.881860213634101e-05,64658.00232156537,357.82659961651257,160.02492018002445,27365.24673750822,167.48823452120564,74.90301556416854,0.1608391951902,0.8996137959932609,0.021252,0.0008338585011859021,0.0003729128584535532,25,5,0.00645124,0.0005836335497446148,0.0002610088582356927,0.00017999999999999998,0.0001036822067666386,4.6368092477478516e-05,0.00016,0.00021908902300206645,9.797958971132712e-05,28629.47917219419,95.08461623120466,42.52313310149069,19377.022251882187,620.4899523976692,277.4915425833594,0.3543606704262,0.8996137959932609,0.00946,0.0006158327695080862,0.0002754087870784081,-2.820635652864069,0.008824585428825096,0.003946474578421409,10,5,0.0,0.0,0.0,0.22536,0.0015183543723386996,0.0006790287180966717,0.225712,0.002890314861740836,0.001292588101446083,64545.18984250565,226.894444208471,101.47028019343492,0.0,0.0,0.0,0.16018319018939997,0.8996137959932609,0.021420000000000005,0.00042166337284616065,0.00018857359306117082,25,5,0.0,0.0,0.0,0.22496,0.002192715211786519,0.000980612053770501,0.22328,0.0069994285481030484,0.0031302396074422145,28762.8848263826,166.70007458406687,74.5505397248517,0.0,0.0,0.0,0.351736650423,0.8996137959932609,0.010169999999999998,0.0013098664054017111,0.0005857900647843048,-1.5549683140097112,0.0257920292438006,0.011534546133360126,10,5
2000,20260805,0.04699973,0.0003364486338952783,0.00015046440326535644,4.000000000000001e-05,1.4142135623730953e-05,6.324555320336759e-06,6.400000000000001e-05,3.577708763999664e-05,1.6000000000000003e-05,831902.2939966486,0.0,0.0,344770.5862624817,397.5231963179807,177.77777791999978,0.02061149999,0.6627378899763549,0.11014799999999998,0.0007203610206000933,0.000322155242080587,25,5,0.023251659999999997,0.0005098051287011538,0.00022799178461076178,9.6e-05,2.6076809620810588e-05,1.1661903789690598e-05,4.800000000000001e-05,7.155417527999328e-05,3.2000000000000005e-05,424412.95836896234,2255.140122577884,1008.5293225742714,177192.0635845833,1175.8301288288899,525.8472196107466,0.0316114999812,0.6627378899763549,0.054464,0.0012062669687925615,0.000539458988246557,25,5,0.025171965600000002,0.00041576052871190183,0.00018593376091221312,1.6000000000000003e-05,2.60768096208106e-05,1.1661903789690601e-05,3.2000000000000005e-05,4.381780460041329e-05,1.9595917942265424e-05,216505.9792670557,2402.0079886620074,1074.2106290291586,96991.63547307247,1161.8574353009867,519.598441099314,0.05611149999039999,0.6627378899763549,0.055494,0.0008692698085174673,0.0003887492765266565,0.9727507608170913,0.006383059445637304,0.002854590964973427,25,5,0.0,0.0,0.0,0.22423600000000002,0.0020853488916725807,0.000932596375716747,0.224528,0.001838782205700285,0.0008223284015525677,830319.483535277,3539.271787125226,1582.810461371834,0.0,0.0,0.0,0.020361499990200004,0.6627378899763549,0.10954,0.002874821733603668,0.0012856593639063185,25,5,0.0,0.0,0.0,0.31033600000000006,0.0013639208188160972,0.0006099639333599935,0.31046399999999996,0.003858870301007779,0.0017257392618816936,605152.448250398,5617.667260957403,2512.2971740951607,0.0,0.0,0.0,0.024361499987,0.6627378899763549,0.079136,0.0010362818149518968,0.00046343931641585983,25,5,0.0,0.0,0.0,8.000000000000001e-06,1.0954451150103324e-05,4.898979485566357e-06,0.0,0.0,0.0,217482.3704014478,2512.385698257997,1123.5730414006312,0.0,0.0,0.0,0.055111499990599985,0.6627378899763549,0.055425999999999996,0.0008062443798253693,0.0003605634479533371,0.009858279946857765,0.012691865297585894,0.005675974713334531,25,5,0.030156719999999998,0.00013078715819988016,5.8489795263790214e-05,4.000000000000001e-05,3.1622776601683795e-05,1.4142135623730951e-05,1.6000000000000003e-05,3.5777087639996646e-05,1.6000000000000003e-05,215445.51209452222,1298.5197048483365,580.7156660327687,90623.99224236,426.23735440486183,190.6191397997881,0.0512863600566,0.6628068660427642,0.070576,0.00027618834153526786,0.00012351518125315752,25,5,0.0225839036,0.00040430729509470823,0.00018081171912616697,6.400000000000001e-05,4.3358966777357606e-05,1.939071942966532e-05,0.00011200000000000001,0.00012132600710482482,5.425863986500215e-05,96018.71704724868,512.3086578935299,229.1113969023234,68509.75611221281,773.664166481815,345.9931336018105,0.10835879512620002,0.6628068660427642,0.031412,0.0004353389484068713,0.00019468949637820759,-2.830392434877723,0.011207470685359197,0.005012133261659864,25,5,0.0,0.0,0.0,0.225068,0.0010612822433264503,0.00047461984787828306,0.227296,0.002071830108865109,0.0009265505922506347,215445.51209447332,1298.5197048756695,580.7156660449924,0.0,0.0,0.0,0.05259837005819999,0.6628068660427642,0.07035999999999999,0.0011122050170719435,0.000497393204617836,25,5,0.0,0.0,0.0,0.224212,0.002637673217060818,0.0011796033231557094,0.22355199999999997,0.0038489894777720417,0.0017213204233959402,95910.68434911163,448.0783603094614,200.38673457971987,0.0,0.0,0.0,0.1096708051278,0.6628068660427642,0.031448,0.0003272919186292239,0.00014636939570825488,-1.5520354083508918,0.01669377720370248,0.007465684125743019,25,5
5000,20260805,0.09640808999999999,0.0010302022692170686,0.00046072046090878083,4.000000000000001e-06,8.94427190999916e-06,4.000000000000001e-06,0.0,0.0,0.0,1634033.4720198307,0.0,0.0,675134.171734876,0.0,0.0,0.014361499994999999,0.3077281472551968,0.225516,0.002409829869513615,0.001077708680488378,25,5,0.04804705,0.0006926610182838344,0.0003097674244493757,2.8000000000000003e-05,3.0331501776206206e-05,1.3564659966250538e-05,4.800000000000001e-05,7.155417527999328e-05,3.2000000000000005e-05,841766.0194817896,0.0,0.0,347626.46859822643,795.0463926359843,355.5555558400098,0.019361499990999998,0.3077281472551968,0.11254800000000001,0.001692134746407623,0.0007567456640113626,25,5,0.065541449,0.0006315359977162823,0.0002824314842263518,8.000000000000001e-06,1.0954451150103324e-05,4.898979485566357e-06,1.6000000000000003e-05,3.5777087639996646e-05,1.6000000000000003e-05,424829.0459403953,8944.271911787975,4000.000000799983,246370.68484886992,5784.804746718795,2587.043330045336,0.033111499995,0.3077281472551968,0.11074999999999999,0.0009098351499035467,0.00040689064870060834,0.9806804892540886,0.004066193968695536,0.0018184572247405741,25,5,0.0,0.0,0.0,0.22466400000000003,0.0012142816806655571,0.0005430432763601755,0.22511999999999993,0.004439099007681614,0.00198522542800559,1634033.4720198307,0.0,0.0,0.0,0.0,0.0,0.014361499994999999,0.3077281472551968,0.22502799999999995,0.0014386521469764626,0.0006433847993230778,25,5,0.0,0.0,0.0,0.31098400000000004,0.0017739447567497585,0.0007933322128843577,0.3111999999999999,0.004148831160700585,0.0018554137004991723,1222825.1684837409,0.0,0.0,0.0,0.0,0.0,0.016861499993,0.3077281472551968,0.162788,0.0015003066353249318,0.0006709575247361069,25,5,0.0,0.0,0.0,8.000000000000001e-06,1.0954451150103324e-05,4.898979485566357e-06,0.0,0.0,0.0,428829.04594119533,0.0,0.0,0.0,0.0,0.0,0.033111499995,0.3077281472551968,0.11078000000000002,0.0010756625865019174,0.00048105093285430694,0.004017141491820346,0.004643904706207682,0.002076817320822313,25,5,0.06208525,0.0003920627915270717,0.00017533581066057216,2.4000000000000004e-05,2.60768096208106e-05,1.1661903789690601e-05,3.2000000000000005e-05,7.155417527999328e-05,3.2000000000000005e-05,438440.3278493063,6492.598524105046,2903.5783301027377,181683.75587354717,2886.8268053362576,1291.0281952000848,0.027014175026999997,0.30786972909279176,0.145364,0.0009180849633884576,0.0004105800774513993,25,5,0.046292188,0.0017040839587537941,0.0007620895142280863,3.6e-05,8.94427190999916e-06,4.000000000000001e-06,3.2000000000000005e-05,4.381780460041329e-05,1.9595917942265424e-05,196136.71619916562,1136.2047417183849,508.1262077679799,138780.72378888095,1929.5022892487418,862.8996563003296,0.056534400063,0.30786972909279176,0.06451199999999999,0.001740781433724522,0.0007785011239555153,-2.8318952798472012,0.007529159369464596,0.003367142432710458,25,5,0.0,0.0,0.0,0.225244,0.0018513994706707711,0.0008279710139853945,0.227936,0.003100141932234716,0.0013864256200748742,435536.7495192035,0.0,0.0,0.0,0.0,0.0,0.027014175026999997,0.30786972909279176,0.14551999999999998,0.0009245539465060997,0.00041347309465066857,25,5,0.0,0.0,0.0,0.224756,0.0017011407937028587,0.0007607732908035076,0.224416,0.0018333793933607973,0.0008199121904204138,197661.09482246957,1136.2047417183849,508.1262077679799,0.0,0.0,0.0,0.056534400063,0.30786972909279176,0.06504399999999999,0.0007632037735755776,0.00034131510367986983,-1.5509007535575101,0.009811782229325102,0.004387962409039071,25,5
10000,20260805,0.11697255,0.0007200044296738749,0.0003219957697703502,0.0,0.0,0.0,0.0,0.0,0.0,1954144.81701459,0.0,0.0,806209.9308266283,0.0,0.0,0.013111499996,0.1597065680820472,0.27362000000000003,0.0016842208881260113,0.0007532064789949658,25,5,0.058224109999999996,0.0006761811364198211,0.00030239739722755574,2.4000000000000004e-05,1.6733200530681514e-05,7.483314773547884e-06,3.2000000000000005e-05,4.381780460041329e-05,1.9595917942265424e-05,1027987.0946133735,0.0,0.0,425421.861335172,589.0150898451647,263.4155561333868,0.018111499992,0.1597065680820472,0.13632399999999997,0.001455980769103766,0.0006511343947296893,25,5,0.08501840959999998,0.0011862550024936906,0.000530509364845015,0.0,0.0,0.0,0.0,0.0,0.0,509800.82451288693,14907.119852980004,6666.666667999992,321156.81097527343,12395.738845068856,5543.542937781739,0.028111499996,0.1597065680820472,0.131838,0.0008324782279435318,0.0003722955814940604,0.9787848611839113,0.006614311783779536,0.0029580101545817867,25,5,0.0,0.0,0.0,0.225596,0.002068206952894221,0.0009249302676418367,0.226304,0.0033801301750080626,0.0015116401688232577,1954144.81701459,0.0,0.0,0.0,0.0,0.0,0.013111499996,0.1597065680820472,0.274104,0.0018964914974763452,0.0008481367814214957,25,5,0.0,0.0,0.0,0.31056399999999995,0.0018912112520815566,0.0008457753838933702,0.31296,0.005357014093690638,0.0023957295339833385,1453047.8055698175,0.0,0.0,0.0,0.0,0.0,0.015611499994,0.1597065680820472,0.196936,0.0014358551458973773,0.0006421339424138827,25,5,0.0,0.0,0.0,1.2000000000000002e-05,1.0954451150103323e-05,4.898979485566356e-06,1.6000000000000003e-05,3.577708763999664e-05,1.6000000000000003e-05,496467.49117688695,18257.418587156997,8164.965810910243,0.0,0.0,0.0,0.028111499996,0.1597065680820472,0.13156400000000001,0.001533225358517134,0.0006856792252941595,0.0165537767222187,0.016821989453796125,0.007523022387094538,25,5,0.07594793999999999,0.0007733710133241309,0.0003458620315241304,1.2000000000000002e-05,1.788854381999832e-05,8.000000000000001e-06,0.0,0.0,0.0,532516.2657460048,9089.637933747079,4065.0096621438393,220229.954112705,3885.8202166768533,1737.7916305664812,0.023734150023,0.159878422950533,0.17765599999999998,0.0018090550019277977,0.0008090339918693137,25,5,0.0563630792,0.001164736348866648,0.000520885930386147,2.4000000000000004e-05,1.6733200530681514e-05,7.483314773547884e-06,1.6000000000000003e-05,3.5777087639996646e-05,1.6000000000000003e-05,238428.4513383819,0.0,0.0,166337.1921900787,3385.5064385529263,1514.0445069735115,0.046694325051,0.159878422950533,0.079428,0.001114594096521238,0.00049846163342829,-2.8272039089408887,0.012649343136882372,0.005656958224957882,25,5,0.0,0.0,0.0,0.224516,0.0013152490258502496,0.0005881972458283072,0.22470400000000001,0.0033367768879564038,0.0014922519894441436,532516.2657460048,9089.637933747079,4065.0096621438393,0.0,0.0,0.0,0.023734150023,0.159878422950533,0.178008,0.0018875698662566105,0.0008441469066459935,25,5,0.0,0.0,0.0,0.22487200000000002,0.0011469612024824574,0.0005129366432611351,0.223488,0.002818567011798724,0.0012605014875040797,238428.4513383819,0.0,0.0,0.0,0.0,0.0,0.046694325051,0.159878422950533,0.07776400000000001,0.0013667772312999618,0.0006112413598571336,-1.5542949051485988,0.009253349226932618,0.004138223578193292,25,5
20000,20260805,0.12763269,0.0012608046966124393,0.0005638490015952826,4.000000000000001e-06,8.94427190999916e-06,4.000000000000001e-06,0.0,0.0,0.0,2220811.4838945894,0.0,0.0,920209.9309178281,0.0,0.0,0.013111499996,0.08342320090539279,0.298556,0.0029492507523098226,0.0013189450329714315,25,5,0.06339195,0.0005777990362141539,0.00025839958446174216,2.8000000000000003e-05,1.788854381999832e-05,8.000000000000001e-06,1.6000000000000003e-05,3.577708763999664e-05,1.6000000000000003e-05,1108539.454106598,0.0,0.0,457621.51851349685,511.1012524088584,228.57142875429707,0.016861499993,0.08342320090539279,0.148356,0.0013037944623290922,0.0005830746092911277,25,5,0.0964718574,0.0008434336851610194,0.00037719501090663896,1.6000000000000003e-05,1.6733200530681514e-05,7.483314773547884e-06,1.6000000000000003e-05,3.577708763999664e-05,1.6000000000000003e-05,549800.8245208869,0.0,0.0,362857.9878328096,2119.202263041776,947.7360636465602,0.028111499996,0.08342320090539279,0.14295,0.0010148398888494708,0.0004538501955491495,0.980873560358436,0.004076474028079887,0.0018230546070598026,25,5,0.0,0.0,0.0,0.226112,0.0017101812769411287,0.0007648163178175514,0.22750399999999998,0.0053121445763457805,0.002375663275803197,2220811.4838945894,0.0,0.0,0.0,0.0,0.0,0.013111499996,0.08342320090539279,0.296856,0.0022513284966881094,0.0010068247116554044,25,5,0.0,0.0,0.0,0.31087600000000004,0.001788485392727586,0.000799834982980858,0.31120000000000003,0.004416333320753766,0.0019750443033005605,1554033.471955831,0.0,0.0,0.0,0.0,0.0,0.014361499994999999,0.08342320090539279,0.21574,0.0019654007224991004,0.0008789539237070378,25,5,0.0,0.0,0.0,4.000000000000001e-06,8.94427190999916e-06,4.000000000000001e-06,1.6000000000000003e-05,3.577708763999664e-05,1.6000000000000003e-05,549800.8245208869,0.0,0.0,0.0,0.0,0.0,0.028111499996,0.08342320090539279,0.143644,0.0010151009801985154,0.00045396695915010963,0.009652627501802704,0.007406556329663815,0.0033123126864619263,25,5,0.08334549,0.0007610852673978119,0.00034036767891502235,2.4000000000000004e-05,1.673320053068151e-05,7.483314773547882e-06,1.6000000000000003e-05,3.577708763999664e-05,1.6000000000000003e-05,589426.4010160182,0.0,0.0,244437.08665077147,272.68913801242326,121.95028986432006,0.023734150023,0.08361065707163462,0.195052,0.0017831769401828825,0.0007974609708318003,25,5,0.061088053600000004,0.002244182836229437,0.0010036290751494598,2.0000000000000005e-05,2e-05,8.94427190999916e-06,4.800000000000001e-05,7.155417527999328e-05,3.2000000000000005e-05,259606.2988791124,2065.826803124328,923.8658323054143,180476.39068738438,4640.559215734615,2075.321171999142,0.043414300047,0.08361065707163462,0.086284,0.00166128865643512,0.0007429508732076442,-2.8273154345430505,0.012251846964067161,0.005479192532315719,25,5,0.0,0.0,0.0,0.225864,0.0013166168766957315,0.0005888089673230228,0.226912,0.0010756951240941776,0.0004810654841079306,589426.4010160182,0.0,0.0,0.0,0.0,0.0,0.023734150023,0.08361065707163462,0.19322399999999998,0.0016574317482176864,0.0007412260114162125,25,5,0.0,0.0,0.0,0.22456,0.0011875184209097557,0.0005310743827374843,0.22539199999999998,0.002536517297398158,0.0011343650206172664,260530.1647114178,2530.110782309792,1131.4999399699734,0.0,0.0,0.0,0.043414300047,0.08361065707163462,0.08597199999999999,0.0008324181641458788,0.0003722687201471526,-1.565785952310634,0.002715708991983736,0.001214501982636613,25,5
50000,20260805,0.13442824,0.0007288610519159306,0.0003259565716472048,2e-05,1.4142135623730951e-05,6.324555320336758e-06,1.6000000000000003e-05,3.577708763999664e-05,1.6000000000000003e-05,2354144.8173345895,0.0,0.0,976676.5976296684,1192.5695889539682,533.333333760011,0.013111499996,0.034368121905618554,0.3146,0.001900315763235138,0.0008498470450616327,25,5,0.06674879,0.000883725731208497,0.00039521416168958133,1.2000000000000002e-05,1.0954451150103323e-05,4.898979485566356e-06,1.6000000000000003e-05,3.577708763999664e-05,1.6000000000000003e-05,1161872.787482598,20865.621254984642,9331.389503782026,480531.47655119596,8760.144783434514,3917.6558456999496,0.016861499993,0.034368121905618554,0.15621199999999996,0.00219132836425763,0.000979991836700696,25,5,0.10381423059999999,0.0010715472524141436,0.0004792104995002301,1.2000000000000002e-05,1.0954451150103323e-05,4.898979485566356e-06,3.2000000000000005e-05,4.381780460041329e-05,1.9595917942265424e-05,583134.1578608869,0.0,0.0,395778.88149493973,1627.0156292676077,727.6235094993934,0.028111499996,0.034368121905618554,0.149764,0.001106313698731055,0.0004947585269603723,0.9812258178495228,0.0024631880264919387,0.0011015711737199054,25,5,0.0,0.0,0.0,0.22544400000000003,0.002206508554254888,0.0009867806240497425,0.22104,0.0051620151104001975,0.0023085233375471845,2327478.1506465897,59628.47944769726,26666.666688000038,0.0,0.0,0.0,0.013111499996,0.034368121905618554,0.313832,0.0017683099275862082,0.0007908122406740984,25,5,0.0,0.0,0.0,0.3094,0.002785677655436823,0.0012457929201917946,0.31095999999999996,0.005036506725896434,0.002252394281647865,1714033.4720838307,0.0,0.0,0.0,0.0,0.0,0.014361499994999999,0.034368121905618554,0.227088,0.0014258050357604931,0.0006376393965243962,25,5,0.0,0.0,0.0,4.000000000000001e-06,8.944271909999161e-06,4.000000000000001e-06,1.6000000000000003e-05,3.5777087639996646e-05,1.6000000000000003e-05,583134.1578608869,0.0,0.0,0.0,0.0,0.0,0.028111499996,0.034368121905618554,0.149456,0.0012690074861875181,0.0005675174006142832,0.02111869286935054,0.016505850497891775,0.007381640747946952,25,5,0.08711927,0.0005322341784872538,0.0002380223606092511,2e-05,1.4142135623730951e-05,6.324555320336758e-06,1.6000000000000003e-05,3.577708763999664e-05,1.6000000000000003e-05,609751.4493290095,0.0,0.0,250238.0750814286,218.64225190984124,97.77978760480764,0.020454125019,0.034565610703117366,0.20388399999999995,0.0012160098683810122,0.000543816145402103,25,5,0.06443463840000001,0.0007852741696075331,0.00035118528484342864,8.000000000000001e-06,1.788854381999832e-05,8.000000000000001e-06,0.0,0.0,0.0,272540.42053148634,1.3441303429117265e-07,6.011133634741446e-08,191631.33051606105,2500.0151043027336,1118.0407435994277,0.0421022900454,0.034565610703117366,0.089944,0.0009631614610230161,0.0004307389000310956,-2.8308593850581287,0.014019755124261317,0.0062698250971498625,25,5,0.0,0.0,0.0,0.22529999999999997,0.0023671501853494694,0.0010586217454785281,0.22569600000000004,0.004142424410897572,0.001852548514884298,609751.4493290095,0.0,0.0,0.0,0.0,0.0,0.020454125019,0.034565610703117366,0.20346800000000004,0.001297428225375104,0.00058022754157313,25,5,0.0,0.0,0.0,0.22480799999999998,0.0011433809513893328,0.0005113355062969861,0.22523200000000002,0.0007809737511594096,0.000349262079247089,274757.6985291175,2661.6316484067047,1190.3178593804423,0.0,0.0,0.0,0.04079028004379999,0.034565610703117366,0.09158,0.0016205554603283437,0.000724734434120528,-1.5511652882854075,0.012242988807592965,0.005475231044309392,25,5
