keysize,global_seed,R_sk-BB84,R_sk_std-BB84,R_sk_sem-BB84,QBER_total-BB84,QBER_total_std-BB84,QBER_total_sem-BB84,QBER_est-BB84,QBER_est_std-BB84,QBER_est_sem-BB84,Throughputs-BB84,Throughputs_std-BB84,Throughputs_sem-BB84,Throughput_final-BB84,Throughput_final_std-BB84,Throughput_final_sem-BB84,Latency-BB84,Loss-BB84,R_s-BB84,R_s_std-BB84,R_s_sem-BB84,N_keys-BB84,N_replicas-BB84,R_sk-B92,R_sk_std-B92,R_sk_sem-B92,QBER_total-B92,QBER_total_std-B92,QBER_total_sem-B92,QBER_est-B92,QBER_est_std-B92,QBER_est_sem-B92,Throughputs-B92,Throughputs_std-B92,Throughputs_sem-B92,Throughput_final-B92,Throughput_final_std-B92,Throughput_final_sem-B92,Latency-B92,Loss-B92,R_s-B92,R_s_std-B92,R_s_sem-B92,N_keys-B92,N_replicas-B92,R_sk-COW,R_sk_std-COW,R_sk_sem-COW,QBER_total-COW,QBER_total_std-COW,QBER_total_sem-COW,QBER_est-COW,QBER_est_std-COW,QBER_est_sem-COW,Throughputs-COW,Throughputs_std-COW,Throughputs_sem-COW,Throughput_final-COW,Throughput_final_std-COW,Throughput_final_sem-COW,Latency-COW,Loss-COW,R_s-COW,R_s_std-COW,R_s_sem-COW,Visibility-COW,Visibility_std-COW,Visibility_sem-COW,N_keys-COW,N_replicas-COW,R_sk-BB84+Eve,R_sk_std-BB84+Eve,R_sk_sem-BB84+Eve,QBER_total-BB84+Eve,QBER_total_std-BB84+Eve,QBER_total_sem-BB84+Eve,QBER_est-BB84+Eve,QBER_est_std-BB84+Eve,QBER_est_sem-BB84+Eve,Throughputs-BB84+Eve,Throughputs_std-BB84+Eve,Throughputs_sem-BB84+Eve,Throughput_final-BB84+Eve,Throughput_final_std-BB84+Eve,Throughput_final_sem-BB84+Eve,Latency-BB84+Eve,Loss-BB84+Eve,R_s-BB84+Eve,R_s_std-BB84+Eve,R_s_sem-BB84+Eve,N_keys-BB84+Eve,N_replicas-BB84+Eve,R_sk-B92+Eve,R_sk_std-B92+Eve,R_sk_sem-B92+Eve,QBER_total-B92+Eve,QBER_total_std-B92+Eve,QBER_total_sem-B92+Eve,QBER_est-B92+Eve,QBER_est_std-B92+Eve,QBER_est_sem-B92+Eve,Throughputs-B92+Eve,Throughputs_std-B92+Eve,Throughputs_sem-B92+Eve,Throughput_final-B92+Eve,Throughput_final_std-B92+Eve,Throughput_final_sem-B92+Eve,Latency-B92+Eve,Loss-B92+Eve,R_s-B92+Eve,R_s_std-B92+Eve,R_s_sem-B92+Eve,N_keys-B92+Eve,N_replicas-B92+Eve,R_sk-COW+Eve,R_sk_std-COW+Eve,R_sk_sem-COW+Eve,QBER_total-COW+Eve,QBER_total_std-COW+Eve,QBER_total_sem-COW+Eve,QBER_est-COW+Eve,QBER_est_std-COW+Eve,QBER_est_sem-COW+Eve,Throughputs-COW+Eve,Throughputs_std-COW+Eve,Throughputs_sem-COW+Eve,Throughput_final-COW+Eve,Throughput_final_std-COW+Eve,Throughput_final_sem-COW+Eve,Latency-COW+Eve,Loss-COW+Eve,R_s-COW+Eve,R_s_std-COW+Eve,R_s_sem-COW+Eve,Visibility-COW+Eve,Visibility_std-COW+Eve,Visibility_sem-COW+Eve,N_keys-COW+Eve,N_replicas-COW+Eve,R_sk-BBM92,R_sk_std-BBM92,R_sk_sem-BBM92,QBER_total-BBM92,QBER_total_std-BBM92,QBER_total_sem-BBM92,QBER_est-BBM92,QBER_est_std-BBM92,QBER_est_sem-BBM92,Throughputs-BBM92,Throughputs_std-BBM92,Throughputs_sem-BBM92,Throughput_final-BBM92,Throughput_final_std-BBM92,Throughput_final_sem-BBM92,Latency-BBM92,Loss-BBM92,R_s-BBM92,R_s_std-BBM92,R_s_sem-BBM92,N_keys-BBM92,N_replicas-BBM92,R_sk-E91,R_sk_std-E91,R_sk_sem-E91,QBER_total-E91,QBER_total_std-E91,QBER_total_sem-E91,QBER_est-E91,QBER_est_std-E91,QBER_est_sem-E91,Throughputs-E91,Throughputs_std-E91,Throughputs_sem-E91,Throughput_final-E91,Throughput_final_std-E91,Throughput_final_sem-E91,Latency-E91,Loss-E91,R_s-E91,R_s_std-E91,R_s_sem-E91,CHSH_S-E91,CHSH_S_std-E91,CHSH_S_sem-E91,N_keys-E91,N_replicas-E91,R_sk-BBM92+Eve,R_sk_std-BBM92+Eve,R_sk_sem-BBM92+Eve,QBER_total-BBM92+Eve,QBER_total_std-BBM92+Eve,QBER_total_sem-BBM92+Eve,QBER_est-BBM92+Eve,QBER_est_std-BBM92+Eve,QBER_est_sem-BBM92+Eve,Throughputs-BBM92+Eve,Throughputs_std-BBM92+Eve,Throughputs_sem-BBM92+Eve,Throughput_final-BBM92+Eve,Throughput_final_std-BBM92+Eve,Throughput_final_sem-BBM92+Eve,Latency-BBM92+Eve,Loss-BBM92+Eve,R_s-BBM92+Eve,R_s_std-BBM92+Eve,R_s_sem-BBM92+Eve,N_keys-BBM92+Eve,N_replicas-BBM92+Eve,R_sk-E91+Eve,R_sk_std-E91+Eve,R_sk_sem-E91+Eve,QBER_total-E91+Eve,QBER_total_std-E91+Eve,QBER_total_sem-E91+Eve,QBER_est-E91+Eve,QBER_est_std-E91+Eve,QBER_est_sem-E91+Eve,Throughputs-E91+Eve,Throughputs_std-E91+Eve,Throughputs_sem-E91+Eve,Throughput_final-E91+Eve,Throughput_final_std-E91+Eve,Throughput_final_sem-E91+Eve,Latency-E91+Eve,Loss-E91+Eve,R_s-E91+Eve,R_s_std-E91+Eve,R_s_sem-E91+Eve,CHSH_S-E91+Eve,CHSH_S_std-E91+Eve,CHSH_S_sem-E91+Eve,N_keys-E91+Eve,N_replicas-E91+Eve
20,20260805,0.0,0.0,0.0,0.026000000000000002,0.013416407864998738,0.005999999999999999,0.032,0.03346640106136302,0.014966629547095763,1808984.3701611701,145327.03652694094,64992.22652856697,0.0,0.0,0.0,0.0081204999964,0.1599142738885858,0.31,0.012247448713915879,0.005477225575051656,25,5,0.0,0.0,0.0,0.05,0.015811388300841896,0.0070710678118654745,0.08,0.0632455532033676,0.028284271247461905,979648.6547050091,53284.92650570956,23829.74356856938,0.0,0.0,0.0,0.008128999993,0.1599142738885858,0.182,0.04024922359499621,0.018,25,5,0.0,0.0,0.0,0.002,0.00447213595499958,0.002,0.008,0.01788854381999832,0.008,403641.96128131414,57849.75759723298,25871.198093859566,0.0,0.0,0.0,0.008155499995599998,0.1599142738885858,0.15099999999999997,0.022192341021172145,0.009924716620639602,0.5766366441625751,0.027129584362351016,0.01213271896710643,25,5,0.0,0.0,0.0,0.25599999999999995,0.05029910535983714,0.022494443758403974,0.288,0.10353743284435828,0.0463033476111609,1888984.4021611824,216969.02111067207,97031.49604300993,0.0,0.0,0.0,0.0081204999964,0.1599142738885858,0.304,0.039115214431215885,0.0174928556845359,25,5,0.0,0.0,0.0,0.31199999999999994,0.03633180424916991,0.016248076809271924,0.35200000000000004,0.10353743284435829,0.04630334761116091,1380030.609958106,178986.53386640345,80045.21135646927,0.0,0.0,0.0,0.008125499994400001,0.1599142738885858,0.254,0.03507135583350035,0.015684387141358114,25,5,0.0,0.0,0.0,0.008,0.008366600265340755,0.003741657386773941,0.008,0.01788854381999832,0.008,478310.066050216,56489.670190628094,25262.94851455758,0.0,0.0,0.0,0.008149499996199999,0.1599142738885858,0.17300000000000001,0.025149552679918592,0.011247221879201996,0.023242354451088385,0.046953677921588936,0.02099832312526078,25,5,0.0,0.0,0.0,0.048,0.016431676725154987,0.007348469228349535,0.08,0.05656854249492381,0.02529822128134704,1872.4071183789347,163.88578730967345,73.29195219410043,0.0,0.0,0.0,0.016249150023,0.1600136234131534,0.202,0.037013511046643494,0.016552945357246846,25,5,0.0,0.0,0.0,0.044,0.02073644135332772,0.009273618495495703,0.016,0.021908902300206645,0.009797958971132711,801.6761664152857,90.49868357798337,40.47224167092294,0.0,0.0,0.0,0.0329158550558,0.1600136234131534,0.11599999999999999,0.030495901363953803,0.013638181696985852,-1.3388022340198957,0.2732404110830159,0.12219682667632209,25,5,0.0,0.0,0.0,0.246,0.04878524367060186,0.02181742422927142,0.288,0.05932958789676528,0.02653299832284319,1782.91018153995,153.9701065572419,68.8575249529758,0.0,0.0,0.0,0.0166556550238,0.1600136234131534,0.248,0.07726577508832742,0.03455430508634198,25,5,0.0,0.0,0.0,0.254,0.03507135583350036,0.015684387141358117,0.296,0.09633275663033837,0.04308131845707603,814.7903188558918,109.62897921784902,49.027569967004425,0.0,0.0,0.0,0.0329158550558,0.1600136234131534,0.126,0.025099800796022264,0.011224972160321823,-0.8522100764109897,0.08217357935269164,0.03674914187741833,25,5
45,20260805,0.0,0.0,0.0,0.016888888888888887,0.00963532595052391,0.004309048762147848,0.02181818181818182,0.019917183909278765,0.008907235428302464,1836873.4842640269,43816.97838738403,19595.548448565958,0.0,0.0,0.0,0.008132874996200001,0.1599142738885858,0.28888888888888886,0.04297573245736381,0.01921933183150191,25,5,0.0,0.0,0.0,0.03822222222222223,0.009216196157034543,0.004121608220220313,0.050909090909090904,0.034973425566675174,0.015640591394622958,905560.8314816629,50789.41767068346,22713.718089855447,0.0,0.0,0.0,0.0081531249926,0.1599142738885858,0.15644444444444444,0.023179386329609416,0.0103661367019472,25,5,0.0,0.0,0.0,0.006222222222222222,0.005962847939999439,0.0026666666666666666,0.0,0.0,0.0,456831.9853789741,54645.55047147272,24438.233104421735,0.0,0.0,0.0,0.0082104999956,0.1599142738885858,0.1488888888888889,0.014487116456005878,0.006478835438716996,0.5683626069177109,0.04003035468095296,0.017902118846007543,25,5,0.0,0.0,0.0,0.2693333333333333,0.027143878194848845,0.012139111363331258,0.28363636363636363,0.075624124883947,0.03382013679588777,1799540.1442936554,99061.79572206084,44301.78184154518,0.0,0.0,0.0,0.0081328749962,0.1599142738885858,0.26399999999999996,0.024057544182621085,0.010758860832809072,25,5,0.0,0.0,0.0,0.30755555555555547,0.03133254530135923,0.014012340240386174,0.33818181818181825,0.0507790547046143,0.022709083630539615,1335535.204251238,101544.05715896173,45411.88290371252,0.0,0.0,0.0,0.008141874994600002,0.1599142738885858,0.20444444444444443,0.04817662975261953,0.021545243810739228,25,5,0.0,0.0,0.0,0.0071111111111111115,0.005962847939999439,0.0026666666666666666,0.0036363636363636364,0.008131156281817417,0.0036363636363636364,447496.3350584206,27247.61267422047,12185.502832828359,0.0,0.0,0.0,0.0082149999954,0.1599142738885858,0.1431111111111111,0.007302967433402205,0.0032659863237108995,0.07692568525656045,0.042395891604207286,0.01896001911874402,25,5,0.0,0.0,0.0,0.032,0.014873956027272454,0.006651835354264784,0.01818181818181818,0.025712973861329,0.01149919149152138,3983.2836748811983,398.18012113818327,178.07156363081575,0.0,0.0,0.0,0.0158607700222,0.1600136234131534,0.1991111111111111,0.026924677743752814,0.01204108194146139,25,5,0.0,0.0,0.0,0.04,0.016024672335395507,0.007166451331820932,0.03636363636363636,0.01818181818181818,0.008131156281817417,1751.2625134378009,126.51267161394675,56.57818674877859,0.0,0.0,0.0,0.0309245800518,0.1600136234131534,0.10044444444444445,0.0190126663432955,0.008502722875426218,-2.2476100791193674,0.18026402580421955,0.08061652311920221,25,5,0.0,0.0,0.0,0.2551111111111111,0.029581442297411095,0.01322922316989975,0.22181818181818183,0.05045249791095129,0.022563042992710645,4084.339497503393,177.86609277872648,79.54413486910337,0.0,0.0,0.0,0.015453640021400001,0.1600136234131534,0.19466666666666665,0.0194745798224059,0.008709296863229073,25,5,0.0,0.0,0.0,0.22222222222222224,0.018324913891634046,0.008195150628704788,0.22181818181818178,0.019917183909278744,0.008907235428302455,1825.4585676722345,123.25565274798616,55.12160363112116,0.0,0.0,0.0,0.0301103200502,0.1600136234131534,0.10666666666666666,0.01911627837120584,0.008549059582965044,-1.2014151990298036,0.20651815387247,0.09235772612932086,25,5
50,20260805,0.0,0.0,0.0,0.0152,0.0033466401061363026,0.0014966629547095768,0.013333333333333332,0.0074535599249993,0.0033333333333333335,1757116.4269013875,142859.70537466084,63888.802492666735,0.0,0.0,0.0,0.008136499996,0.1599142738885858,0.28080000000000005,0.027914154115788643,0.012483589227461787,25,5,0.0,0.0,0.0,0.041600000000000005,0.013446189051177287,0.006013318551349163,0.03333333333333334,0.01666666666666667,0.0074535599249993005,930690.9228090495,88277.4930677758,39478.89507656262,0.0,0.0,0.0,0.0081577499926,0.1599142738885858,0.16960000000000003,0.03269250678672408,0.014620533505997652,25,5,0.0,0.0,0.0,0.0048000000000000004,0.00867179335547152,0.0038781438859330636,0.003333333333333333,0.007453559924999299,0.003333333333333333,403735.7656073406,19665.305677960972,8794.592058846663,0.0,0.0,0.0,0.008216499995800002,0.1599142738885858,0.132,0.00836660026534076,0.003741657386773943,0.6039097743267164,0.07317180544449293,0.03272342620205508,25,5,0.0,0.0,0.0,0.23359999999999997,0.015388307249337064,0.006881860213634096,0.25,0.05400617248673219,0.024152294576982404,1778449.0148008831,97249.73635977763,43491.40425887914,0.0,0.0,0.0,0.008137749995800001,0.1599142738885858,0.28959999999999997,0.03459479729670346,0.015471263684650977,25,5,0.0,0.0,0.0,0.32080000000000003,0.04520176987685329,0.02021484602958925,0.3133333333333333,0.09457507306074071,0.042295258468165065,1362445.206290871,156629.95569395676,70047.0456488935,0.0,0.0,0.0,0.0081439999948,0.1599142738885858,0.1976,0.02864960732715197,0.012812493902437572,25,5,0.0,0.0,0.0,0.0056,0.0035777087639996636,0.0016,0.006666666666666666,0.009128709291752768,0.00408248290463863,418399.5574374217,24760.537979856985,11073.249216485106,0.0,0.0,0.0,0.008221499995600002,0.1599142738885858,0.14200000000000002,0.010954451150103319,0.004898979485566355,0.018966397290177503,0.022312700788369236,0.009978543144881351,25,5,0.0,0.0,0.0,0.0344,0.008294576541331087,0.003709447398198281,0.030000000000000006,0.02173067468400883,0.0097182531580755,4520.392327569467,82.92744252335523,37.08627973648579,0.0,0.0,0.0,0.016271650023,0.1600136234131534,0.2024,0.034710229039866626,0.015522886329545805,25,5,0.0,0.0,0.0,0.028800000000000003,0.009549869109050656,0.0042708313008125234,0.026666666666666665,0.009128709291752768,0.00408248290463863,1973.4473539260457,110.28060190350425,49.31898449116564,0.0,0.0,0.0,0.0313400850526,0.1600136234131534,0.0896,0.012837445228704975,0.005741080037762932,-2.325953231101258,0.19272287654158843,0.08618829055325826,25,5,0.0,0.0,0.0,0.2312,0.024560130292813995,0.010983624174196781,0.19,0.043461349368017654,0.019436506316151,4603.410396713759,619.3206285553454,276.96860506352994,0.0,0.0,0.0,0.015049885020599998,0.1600136234131534,0.19200000000000003,0.017204650534085257,0.007694153624668539,25,5,0.0,0.0,0.0,0.28,0.028705400188814668,0.012837445228704978,0.2833333333333333,0.031180478223116172,0.013944333775567922,2016.5508456474604,71.67873296579447,32.05570389051431,0.0,0.0,0.0,0.0293038100486,0.1600136234131534,0.09360000000000002,0.01431083505599866,0.006400000000000002,-1.4043710099424385,0.3400400347242125,0.15207052654294562,25,5
100,20260805,0.0,0.0,0.0,0.0216,0.006693280212272603,0.0029933259094191526,0.0256,0.016395121225535356,0.007332121111929343,1775532.995562395,93519.83218257593,41823.34040092246,0.0,0.0,0.0,0.0081639999958,0.1599142738885858,0.2928,0.02105231578710522,0.009414881836751852,25,5,0.0,0.0,0.0,0.03560000000000001,0.009838699100999073,0.004399999999999999,0.033600000000000005,0.006693280212272604,0.002993325909419153,945768.8423955034,38912.90932974684,17402.38209271994,0.0,0.0,0.0,0.0082064999924,0.1599142738885858,0.15759999999999996,0.01663730747446834,0.007440430095095311,25,5,0.0,0.0,0.0,0.008000000000000002,0.007483314773547884,0.0033466401061363026,0.009600000000000001,0.010430723848324238,0.00466476151587624,440686.69559619424,19184.71791202885,8579.666676090867,0.0,0.0,0.0,0.008321499995799998,0.1599142738885858,0.13740000000000002,0.006985699678629188,0.00312409987036266,0.5986745524348898,0.07462748445779128,0.03337442564748607,25,5,0.0,0.0,0.0,0.2524,0.026283074401599233,0.011754148203932098,0.24800000000000005,0.033941125496954286,0.015178932768808223,1828866.3331623953,134126.11237094336,59983.020963840965,0.0,0.0,0.0,0.0081639999958,0.1599142738885858,0.29400000000000004,0.017492855684535902,0.007823042886243178,25,5,0.0,0.0,0.0,0.3244000000000001,0.013740451229854126,0.006144916598294883,0.328,0.0233238075793812,0.010430723848324237,1338178.9988316651,37712.36553783724,16865.482586984897,0.0,0.0,0.0,0.0081814999944,0.1599142738885858,0.22480000000000003,0.021475567512873783,0.009604165762834373,25,5,0.0,0.0,0.0,0.0068000000000000005,0.005585696017507576,0.002497999199359359,0.008,0.00565685424949238,0.0025298221281347035,444686.69567619433,14882.734458213079,6655.76118792859,0.0,0.0,0.0,0.008321499995799998,0.1599142738885858,0.14100000000000001,0.011022703842524297,0.004929503017546493,0.026694871737753985,0.03400843564738175,0.015209034783194532,25,5,0.0,0.0,0.0,0.0344,0.007127411872482182,0.003187475490101844,0.035199999999999995,0.01841738309315414,0.0082365041127896,8961.830023725788,450.1438026439229,201.31042847241224,0.0,0.0,0.0,0.0159006450222,0.1600136234131534,0.1988,0.01889973544788394,0.008452218643646184,25,5,0.0,0.0,0.0,0.0328,0.0041472882706655445,0.0018547236990991407,0.033600000000000005,0.020707486568871655,0.00926066952223218,3925.4919289958366,191.09094190175173,85.45846719535596,0.0,0.0,0.0,0.030606825050999997,0.1600136234131534,0.08360000000000001,0.01570986950932439,0.00702566722810012,-2.6547565748093,0.08788394443264144,0.03930289477644009,25,5,0.0,0.0,0.0,0.2564,0.021835750502329908,0.00976524449258697,0.2592,0.028621670111997295,0.012799999999999994,8817.28437818416,295.08326451871704,131.9652476972806,0.0,0.0,0.0,0.0159006450222,0.1600136234131534,0.1964,0.022995651762887696,0.010283968105745953,25,5,0.0,0.0,0.0,0.2404,0.01716974082506782,0.007678541528180993,0.21600000000000003,0.036221540552549655,0.016198765385053264,4013.2366463822095,184.98829211057375,82.72927924016619,0.0,0.0,0.0,0.028564300047000002,0.1600136234131534,0.082,0.008,0.003577708763999663,-1.3986061361344815,0.14673477642334795,0.0656217869491679,25,5
200,20260805,0.0,0.0,0.0,0.0214,0.005412947441089743,0.0024207436873820406,0.0184,0.008294576541331089,0.0037094473981982815,1876287.9079090394,3.2927225399135965e-10,1.4725502860585132e-10,0.0,0.0,0.0,0.008211499996,0.1599142738885858,0.28359999999999996,0.008792041856133304,0.003931920650267498,25,5,0.0,0.0,0.0,0.0466,0.00482700735445887,0.002158703314492291,0.0432,0.011099549540409289,0.0049638694583963435,923725.3312807779,28585.310695477758,12783.739574608011,0.0,0.0,0.0,0.0082914999928,0.1599142738885858,0.14900000000000002,0.007810249675906648,0.003492849839314593,25,5,0.0,0.0,0.0,0.007999999999999998,0.0029154759474226497,0.0013038404810405294,0.0032,0.005215361924162119,0.00233238075793812,420934.2644014598,22757.58149872972,10177.499846930239,0.0,0.0,0.0,0.0085314999958,0.1599142738885858,0.13820000000000002,0.0061400325732035,0.002745906043549196,0.5583592785816636,0.05585227287930732,0.024977895771199816,25,5,0.0,0.0,0.0,0.23979999999999996,0.014254823744964376,0.006374950980203694,0.2392,0.031546790645008545,0.014108153670838708,1796287.9047090393,73029.67725520906,32659.86454350354,0.0,0.0,0.0,0.008211499996,0.1599142738885858,0.28700000000000003,0.011401754250991398,0.005099019513592793,25,5,0.0,0.0,0.0,0.3176,0.008933084573650885,0.003994996871087621,0.30960000000000004,0.028085583490467112,0.012560254774486055,1321552.345578487,71560.5356074671,32002.844424918127,0.0,0.0,0.0,0.0082414999948,0.1599142738885858,0.2152,0.011562871615649829,0.005171073389539167,25,5,0.0,0.0,0.0,0.0082,0.0020493901531919195,0.0009165151389911679,0.008000000000000002,0.00565685424949238,0.0025298221281347035,440934.2646014597,11920.516487225485,5331.017038468637,0.0,0.0,0.0,0.0085314999958,0.1599142738885858,0.13620000000000002,0.004881085944746313,0.0021828879952943076,0.014060266463363988,0.021387938590186523,0.009564976917249616,25,5,0.0,0.0,0.0,0.036,0.0038078865529319523,0.0017029386365926393,0.0328,0.004381780460041328,0.001959591794226542,17202.89577211049,297.4693322371354,133.03232962074085,0.0,0.0,0.0,0.016795155023800003,0.1600136234131534,0.1794,0.009813256340277679,0.004388621651498339,25,5,0.0,0.0,0.0,0.0328,0.006457553716385175,0.0028879058156387294,0.031199999999999995,0.008671793355471517,0.003878143885933062,7910.8897583026355,183.89088315142635,82.23850303381201,0.0,0.0,0.0,0.029947315049399997,0.1600136234131534,0.09059999999999999,0.007231873892705819,0.0032341923257592463,-2.581866860434154,0.0784974746447308,0.03510513787353684,25,5,0.0,0.0,0.0,0.2434,0.018242806801586197,0.00815843122174845,0.2672,0.026290682760247985,0.011757550765359259,17518.035026589027,458.78227259859784,205.17366968046076,0.0,0.0,0.0,0.0159731450222,0.1600136234131534,0.1722,0.007596051605933179,0.0033970575502926064,25,5,0.0,0.0,0.0,0.2406,0.013813037319865606,0.0061773780845922,0.24559999999999998,0.019919839356781974,0.008908422980528035,7751.11636006835,233.4996343589803,104.42421102960509,0.0,0.0,0.0,0.030769325051000003,0.1600136234131534,0.0842,0.005215361924162123,0.0023323807579381218,-1.405932388252753,0.07061268242393641,0.031578951594705286,25,5
400,20260805,0.0,0.0,0.0,0.023799999999999998,0.0008366600265340763,0.00037416573867739446,0.0268,0.0033466401061363026,0.0014966629547095768,1885457.0739530628,0.0,0.0,0.0,0.0,0.0,0.008311499996,0.1599142738885858,0.2814,0.009781359823664576,0.004374357095619869,25,5,0.0,0.0,0.0,0.040900000000000006,0.00307001628660175,0.001372953021774598,0.0396,0.00726636084983398,0.0032496153618543837,969688.506137694,41578.688584281444,18594.55481794956,0.0,0.0,0.0,0.0084814999926,0.1599142738885858,0.15030000000000002,0.009087078738516583,0.0040638651552432235,25,5,0.0,0.0,0.0,0.0075,0.0022079402165819614,0.0009874208829065748,0.0064,0.0026076809620810596,0.00116619037896906,449802.7127652347,23570.22615740272,10540.925586599229,0.0,0.0,0.0,0.008911499996,0.1599142738885858,0.13395,0.005842730526046869,0.002612948526090781,0.545621308150673,0.019553562715947315,0.008744619087032722,25,5,0.0,0.0,0.0,0.242,0.008587782018658863,0.003840572873934317,0.2424,0.012915107432770356,0.005775811631277462,1885457.0739530628,0.0,0.0,0.0,0.0,0.0,0.008311499996,0.1599142738885858,0.28400000000000003,0.01617482611962181,0.007233602145542702,25,5,0.0,0.0,0.0,0.3192,0.0066483080554378534,0.002973213749463696,0.31720000000000004,0.018033302526159777,0.008064738061462387,1293196.3285122174,29202.297265189176,13059.66435682384,0.0,0.0,0.0,0.0083714999948,0.1599142738885858,0.2089,0.010859327787667145,0.004856439024635228,25,5,0.0,0.0,0.0,0.0075,0.0016955824957813172,0.0007582875444051551,0.008400000000000001,0.005899152481501051,0.002638181191654584,436339.1223038472,18140.459451428364,8112.660095294473,0.0,0.0,0.0,0.0089514999958,0.1599142738885858,0.1323,0.00238091369016182,0.0010647769719523404,0.025615352581592154,0.03539024083310437,0.01582699684858203,25,5,0.0,0.0,0.0,0.0365,0.002828427124746195,0.0012649110640673537,0.036800000000000006,0.006870225614927066,0.003072458299147442,34871.375678136654,573.3438712066073,256.4071741001717,0.0,0.0,0.0,0.016534150023,0.1600136234131534,0.18280000000000002,0.003930648801406697,0.0017578395831246891,25,5,0.0,0.0,0.0,0.034600000000000006,0.0025592967784139452,0.0011445523142259596,0.032799999999999996,0.008786353054595518,0.0039293765408776994,15104.585453407848,127.28460462005894,56.923405683927115,0.0,0.0,0.0,0.031094325051,0.1600136234131534,0.0804,0.004037325847637269,0.0018055470085267783,-2.588834135548878,0.02597733151800639,0.011617415829662017,25,5,0.0,0.0,0.0,0.24300000000000002,0.005099019513592782,0.0022803508501982746,0.24159999999999998,0.012361229712289949,0.005528109984434098,34871.375678136654,573.3438712066073,256.4071741001717,0.0,0.0,0.0,0.016534150023,0.1600136234131534,0.1887,0.010883473710171771,0.004867237409455185,25,5,0.0,0.0,0.0,0.2393,0.007463243262818118,0.003337663853655728,0.2264,0.02178990591994375,0.009744742172063864,15210.247750424134,259.6156488220048,116.10364775774318,0.0,0.0,0.0,0.0315103300518,0.1600136234131534,0.08430000000000001,0.0031144823004794903,0.001392838827718413,-1.4055089618220316,0.09176718780610901,0.04103953400768991,25,5
800,20260805,0.0,0.0,0.0,0.021900000000000003,0.0010694624818103715,0.0004782781617427246,0.022600000000000002,0.005029910535983719,0.0022494443758403994,1769227.9104296684,0.0,0.0,0.0,0.0,0.0,0.008511499996,0.1599142738885858,0.27640000000000003,0.00515873046398046,0.0023070543990118676,25,5,0.0,0.0,0.0,0.042249999999999996,0.0037291084725440743,0.0016677080080157915,0.041600000000000005,0.0058137767414994535,0.0026,964782.7478609553,19146.532960018114,8562.589846408153,0.0,0.0,0.0,0.008851499992600001,0.1599142738885858,0.14775,0.004805595696685287,0.0021491277300337524,25,5,0.0,0.0,0.0,0.00655,0.0007158910531638177,0.00032015621187164245,0.0066,0.0015165750888103105,0.0006782329983125269,441614.3772501177,18257.41862914908,8164.965829689673,0.0,0.0,0.0,0.009711499996,0.1599142738885858,0.13297499999999998,0.0030991430267091613,0.0013859788959432262,0.5330315079888068,0.018494157934003063,0.008270838865409583,25,5,0.0,0.0,0.0,0.2412,0.00874356906531881,0.0039102429592034315,0.2444,0.015126136320951222,0.006764613810115102,1849227.9112296687,73029.67506431894,32659.863563707695,0.0,0.0,0.0,0.008511499996,0.1599142738885858,0.28415,0.006328506932918695,0.0028301943396169807,25,5,0.0,0.0,0.0,0.32344999999999996,0.0065201610409559695,0.0029159046623646674,0.3298,0.015122830422906922,0.006763135367564354,1351988.0494281854,40094.702771201875,17930.89618681132,0.0,0.0,0.0,0.0086714999944,0.1599142738885858,0.20735,0.0029822390916893282,0.001333697866834913,25,5,0.0,0.0,0.0,0.0068000000000000005,0.0011096170510586079,0.0004962358310319805,0.005600000000000001,0.0013416407864998742,0.0006000000000000002,447907.5427486574,17932.674400405664,8019.735795535469,0.0,0.0,0.0,0.0097914999958,0.1599142738885858,0.13329999999999997,0.00423674403286298,0.0018947295321496453,0.027720373578451953,0.026986981756219146,0.012068945142890534,25,5,0.0,0.0,0.0,0.0358,0.0031593116338848233,0.0014128871150944785,0.033800000000000004,0.005263078946776307,0.002353720459187964,67604.84019279925,0.0,0.0,0.0,0.0,0.0,0.016834150023,0.1600136234131534,0.18585,0.0035249113464029284,0.0015763882770434513,25,5,0.001623625,0.0022551589467263724,0.001008537740989399,0.03395,0.0030382972204838683,0.0013587678241701192,0.03560000000000001,0.004722287581247039,0.0021118712081942877,29867.74685745565,499.3648281163213,223.32274024811852,547.6728087069802,759.2602941733833,339.5515260776345,0.030892315049399998,0.1600136234131534,0.08245,0.004441987167923835,0.0019865170525318935,-2.6074867908142836,0.04934328850422223,0.022066989465764963,25,5,0.0,0.0,0.0,0.2448,0.005271977807237024,0.0023577001505704536,0.2306,0.013794926603646718,0.0061692787260748715,66603.2870047723,1371.4331840589455,613.3235652309565,0.0,0.0,0.0,0.016834150023,0.1600136234131534,0.17755,0.0039859126934743555,0.0017825543469975882,25,5,0.0,0.0,0.0,0.2432,0.003379164097820653,0.0015112081259707458,0.2532,0.006685805860178705,0.0029899832775452076,29798.958863765234,869.2908348556124,388.7586797909386,0.0,0.0,0.0,0.0313183200502,0.1600136234131534,0.0814,0.003403123565197129,0.0015219231255224437,-1.4368241677441749,0.02593324232198449,0.01159769854178636,25,5
1600,20260805,0.000177375,0.0003966225575090251,0.00017737499999999996,0.022699999999999998,0.001643167672515499,0.0007348469228349537,0.0232,0.0013509256086106309,0.0006041522986797291,1879210.8514609388,73029.67469917053,32659.86340040836,1600.0000080000002,3577.708781888208,1600.0000080000002,0.008911499996,0.1599142738885858,0.279475,0.0028687431917130374,0.0012829409573320125,25,5,0.0,0.0,0.0,0.0421,0.002160367445598086,0.0009661456929469798,0.041299999999999996,0.0036503424496887936,0.0016324827717314496,980125.108609857,16109.71503878165,7204.483584973285,0.0,0.0,0.0,0.0095514999928,0.1599142738885858,0.14267499999999997,0.0023008150729686982,0.0010289557813628295,25,5,0.01260621875,0.0038719280342515527,0.0017315788577147212,0.007150000000000001,0.000657884868347038,0.0002942150573984953,0.0079,0.0024341322889276165,0.0010885770528538618,470758.9855157243,14907.119868632491,6666.666674999997,44296.48814079128,13469.128133552009,6023.577220855431,0.011311499996,0.1599142738885858,0.1337875,0.0029887811060698363,0.0013366235446078327,0.5869150480233384,0.026587185945375666,0.011890151020857399,25,5,0.0,0.0,0.0,0.23415,0.00547679765008713,0.002449298368921186,0.24170000000000003,0.006027022482121671,0.0026953663943887133,1852544.184660939,73029.67469917053,32659.86340040836,0.0,0.0,0.0,0.008911499996,0.1599142738885858,0.2767,0.0068662444247201216,0.0030706778567606255,25,5,0.0,0.0,0.0,0.325675,0.005962513102710958,0.0026665169228789775,0.32319999999999993,0.0033090784215548566,0.0014798648586948728,1343272.374233191,0.0,0.0,0.0,0.0,0.0,0.009111499995,0.1599142738885858,0.20350000000000001,0.0046029881598804775,0.0020585188850238837,25,5,0.0,0.0,0.0,0.0075,0.00046770717334674265,0.00020916500663351886,0.0073999999999999995,0.0017818529681205462,0.0007968688725254613,457425.6521657243,18257.418606327305,8164.965819483465,0.0,0.0,0.0,0.011311499996,0.1599142738885858,0.1326,0.004435430855621595,0.0019835849805339882,0.02321962823678771,0.01901381199836221,0.008503235227947804,25,5,0.0,0.0,0.0,0.035975,0.0030316043607304696,0.0013557746862956248,0.037200000000000004,0.0014832396974191367,0.0006633249580710817,128189.89300922325,2139.114289500381,956.6409925928032,0.0,0.0,0.0,0.017434150023,0.1600136234131534,0.181575,0.003943546944059362,0.0017636078078756587,25,5,0.012798265625,0.002362757942707038,0.001056657474854098,0.035075,0.0028070781072139788,0.0012553634931763797,0.034100000000000005,0.0017102631376487063,0.0007648529270389174,57056.80205859719,58.7668760543278,26.281345936556317,8715.92092954159,1559.027346665922,697.2182251852264,0.033044325051,0.1600136234131534,0.082725,0.0037158865025724405,0.0016617949632851848,-2.6425498906324627,0.01501670981115043,0.006715676787224078,25,5,0.0,0.0,0.0,0.2447,0.006688142492501188,0.0029910282512875066,0.24369999999999997,0.00978902446620704,0.004377784827969507,129146.53400181606,1.4551915228366852e-11,6.507814330688531e-12,0.0,0.0,0.0,0.017434150023,0.1600136234131534,0.1845,0.003070779624134547,0.0013732943966972202,25,5,0.0,0.0,0.0,0.24692499999999998,0.003913717861573576,0.0017502678366467257,0.24769999999999998,0.003510697936308371,0.0015700318468107489,56872.832636931504,1205.7954843743523,539.2481340046675,0.0,0.0,0.0,0.0334903300518,0.1600136234131534,0.0794,0.0031652409071032837,0.0014155387666892078,-1.4263621209771586,0.03276330319794646,0.014652194623608904,25,5
5000,20260805,0.0459721664,0.002408958017622721,0.0010773187764695081,0.021927999999999996,0.0008145673698350529,0.00036428560224087793,0.021248,0.0012310645799469648,0.0005505488170907275,1939163.810296967,73029.67445086976,32659.86328936488,311481.861477866,27140.606694360038,12137.64830383498,0.010611499996,0.1599142738885858,0.276488,0.0036203204278074733,0.001619056515381726,25,5,0.006127769600000001,0.001958980507618389,0.0008760827163263524,0.04276,0.0010384603988597722,0.0004644136087583991,0.043552,0.0028293320766569607,0.0012653157708651219,1038856.9463849968,13377.136203264245,5982.437178954458,41126.6814352824,13456.39778308385,6017.884035050592,0.012611499992800002,0.1599142738885858,0.142376,0.002601937739454953,0.0011636219317286822,25,5,0.027821209599999997,0.002848511607060221,0.0012738931176167648,0.007607999999999999,0.0011050429855892485,0.000494190246767376,0.007488,0.0016565989255097322,0.0007408535617785743,497803.07091234997,14907.119855961439,6666.66666933333,101538.22080066385,10289.728616834473,4601.706531453353,0.018111499996,0.1599142738885858,0.13204000000000002,0.0014127986409959525,0.0006318227599572542,0.5964032783814541,0.01714217689758464,0.007666214565065141,25,5,0.0,0.0,0.0,0.2378,0.0016211107303327576,0.0007249827584156752,0.239424,0.005486390434520671,0.002453588392538566,1965830.4770063006,73029.67445086976,32659.86328936488,0.0,0.0,0.0,0.010611499996,0.1599142738885858,0.27804799999999996,0.0011700940133168765,0.0005232819507684159,25,5,0.0,0.0,0.0,0.32054400000000005,0.001673702482521895,0.0007485025050058222,0.32259200000000005,0.0029402584920377416,0.0013149235719234827,1419227.2906934766,0.0,0.0,0.0,0.0,0.0,0.011236499995,0.1599142738885858,0.20418399999999998,0.001377417874139867,0.0006159999999999984,25,5,0.0,0.0,0.0,0.007376000000000001,0.00026623298067670004,0.00011906300852909785,0.007264000000000001,0.0013125852353275957,0.0005870059624910125,491136.4042430166,18257.418590808495,8164.965812543242,0.0,0.0,0.0,0.018111499996,0.1599142738885858,0.13162000000000001,0.0012126005112979407,0.0005422914345626394,0.013047468356114917,0.011405776712514826,0.005100818413073445,25,5,0.017366222400000002,0.0013897330493288268,0.000621507513775465,0.035008,0.001089366788551953,0.0004871796383265613,0.033216,0.0015741918561598502,0.0007039999999999992,338979.8584399555,0.0,0.0,31154.62113286261,3263.632463593898,1459.5408084342127,0.019984150023,0.1600136234131534,0.180776,0.0025166008821424315,0.0011254581289412825,25,5,0.019625300800000002,0.0011642762135314815,0.0005206801516084906,0.03584,0.001844342701343761,0.0008248151308020485,0.03568,0.0036362618167563245,0.001626185721250805,150657.7148612905,2159.492895915063,965.7545824387917,36232.08509588761,1733.7471230053475,775.3552845669293,0.038569325051,0.1600136234131534,0.079848,0.003043997371877972,0.0013613170093699704,-2.6231695352810833,0.010645601551715973,0.004760857746202832,25,5,0.0,0.0,0.0,0.244728,0.003387907909019967,0.0015151184772155637,0.24070399999999997,0.0026547466922476714,0.0011872388133817014,338979.8584399555,0.0,0.0,0.0,0.0,0.0,0.019984150023,0.1600136234131534,0.18168800000000002,0.002252181165004261,0.0010072060365188395,25,5,0.0,0.0,0.0,0.24440799999999996,0.0011656414543074556,0.0005212907058446372,0.24767999999999998,0.001903260360539255,0.0008511639090093065,150657.7148612905,1322.4139245392757,591.4014859324195,0.0,0.0,0.0,0.038569325051,0.1600136234131534,0.08040800000000001,0.001912359798782646,0.0008552333015031631,-1.4405598017758483,0.01928107518446926,0.008622758958351512,25,5
20000,20260805,0.0921995367,0.0018148903342987965,0.0008116436318398854,0.021772000000000003,0.0005918361259673152,0.00026467716184060906,0.021359999999999997,0.0008029943959953894,0.0003591100109994151,2097878.950358733,73029.67436323398,32659.863250172966,678152.660685745,27498.162727870444,12297.552223173872,0.018111499996,0.1599142738885858,0.27710999999999997,0.001703173508483505,0.0007616823484891864,25,5,0.029934929899999997,0.0012750438881892177,0.0005702169616573463,0.041702,0.0005361622888641076,0.00023977906497440462,0.041552,0.0012779358356349488,0.0005715102798725488,1099835.9872386418,0.0,0.0,220315.8757759993,7972.361149905277,3565.3482944733178,0.025611499993000005,0.1599142738885858,0.14528999999999997,0.0009610150883310836,0.00042977901298225354,25,5,0.03149608975,0.0007927936974793464,0.00035454811993944444,0.00738,0.0004761827380323648,0.00021295539439046841,0.0072239999999999995,0.0005250523783395327,0.00023481056194302663,510790.44435597974,18257.418585331296,8164.965810093764,120177.10512861784,2266.7542513176904,1013.7233188465996,0.048111499996,0.1599142738885858,0.131905,0.0007919753784051603,0.00035418215652401145,0.5850473377455883,0.005173147910354404,0.002313502077042687,25,5,0.0,0.0,0.0,0.23773399999999997,0.0008592904049272246,0.0003842863515661189,0.2374,0.0027838103383671796,0.001244957830611141,2124545.6170360665,59628.479423845754,26666.66667733332,0.0,0.0,0.0,0.018111499996,0.1599142738885858,0.277642,0.0006468925722250925,0.00028929915312699987,25,5,0.0,0.0,0.0,0.32206399999999996,0.0022693787696195355,0.001014897039112823,0.32342400000000004,0.0032451317384661013,0.0014512670326304543,1521582.365072345,0.0,0.0,0.0,0.0,0.0,0.020611499995,0.1599142738885858,0.20465799999999995,0.0013730877612155746,0.0006140635146302047,25,5,0.0,0.0,0.0,0.0072440000000000004,0.000396333193159493,0.00017724559232883618,0.007024000000000001,0.0006194190826895791,0.0002770126350908924,524123.7776906464,0.0,0.0,0.0,0.0,0.0,0.048111499996,0.1599142738885858,0.13172899999999998,0.000411451698258744,0.0001840067933528567,0.007105381852614395,0.007671313444319873,0.003430715667641457,25,5,0.04320428589999999,0.001058808644198599,0.00047351362071849115,0.035300000000000005,0.0003083018001893599,0.00013787675656179324,0.035848000000000005,0.0011265522624361462,0.0005038094878026811,794697.6003103156,0.0,0.0,186278.83073186976,5685.77267880689,2542.7548428846567,0.031234150023,0.1600136234131534,0.18022200000000002,0.00123542300448065,0.0005524979637971521,25,5,0.0229980517,0.0006909735153286078,0.000309012750185352,0.035772000000000005,0.0006179967637455694,0.00027637655472199414,0.03586399999999999,0.0012187206406720082,0.0005450284396249411,352066.88560631615,2531.335976976781,1132.047863682185,99743.96439813203,2531.9857204248824,1132.3384377857628,0.062944325051,0.1600136234131534,0.08019400000000002,0.0005416917942889697,0.00024225193497679374,-2.629154102854584,0.0027392242472577,0.001225018324496782,25,5,0.0,0.0,0.0,0.24440800000000001,0.00045074382968598195,0.00020157876872328867,0.24474400000000002,0.0008224840423983988,0.00036782604584232773,794697.6003103156,0.0,0.0,0.0,0.0,0.0,0.031234150023,0.1600136234131534,0.181452,0.0010547132311675975,0.00047168209633183955,25,5,0.0,0.0,0.0,0.244554,0.0015134827385867413,0.0006768500572504995,0.244768,0.002744798717574737,0.0012275113034102717,350934.83774263394,0.0,0.0,0.0,0.0,0.0,0.062944325051,0.1600136234131534,0.080202,0.0016803779336803995,0.0007514878575200013,-1.4502279331876278,0.006411129310919241,0.0028671441903513613,25,5
40000,20260805,0.10599462182500001,0.0009181741081967687,0.0004106199442216443,0.022075,0.0002357435046825269,0.00010542770034483402,0.021892000000000002,0.00048612755527741643,0.00021740285186721794,2119203.2980675474,73029.67434862812,32659.86324364103,790838.7025336168,27805.980411972207,12435.212476439492,0.028111499996,0.1599142738885858,0.27819999999999995,0.0012117807144859224,0.0005419248102827573,25,5,0.03652629574999999,0.0005404386249297735,0.0002416915006018972,0.041458,0.00036246723989899834,0.00016210027760617685,0.041756,0.0005965567869029757,0.00026678830559078196,1119111.9322611536,0.0,0.0,276746.39225581207,3899.229764814652,1743.7885628032157,0.043111499993,0.1599142738885858,0.144992,0.0007433673385346053,0.00033244398024329525,25,5,0.031880132712499995,0.0002783234938513715,0.00012447005039738226,0.007361999999999999,0.0001425482374496435,6.374950980203681e-05,0.007748,0.00032668027182552675,0.00014609585894199742,528506.2804493187,0.0,0.0,126261.61257097537,1313.8388572308208,587.5665992497512,0.088111499996,0.1599142738885858,0.132316,0.00030138015860371953,0.000134781304341517,0.5836854425583737,0.0009713971072732608,0.0004344219930019333,25,5,0.0,0.0,0.0,0.237667,0.0012583451434324236,0.0005627490559743244,0.23680800000000005,0.0017497199775964208,0.0007824985622990012,2119203.298067548,73029.6743486281,32659.863243641023,0.0,0.0,0.0,0.028111499996,0.1599142738885858,0.277629,0.0003185592566540849,0.00014246403054806722,25,5,0.0,0.0,0.0,0.321736,0.001293804467452489,0.0005786069477633359,0.321952,0.001980686749589654,0.0008857900428431139,1555316.183732782,0.0,0.0,0.0,0.0,0.0,0.033111499995,0.1599142738885858,0.204918,0.0006775747191269713,0.0003030206263606469,25,5,0.0,0.0,0.0,0.007461999999999999,0.0002739662387959513,0.00012252142669753744,0.007624000000000001,0.000469552978906534,0.00020999047597450697,521839.61378231866,14907.119850743944,6666.666666999995,0.0,0.0,0.0,0.088111499996,0.1599142738885858,0.131876,0.00046210658943581894,0.00020666034936581547,0.006817663775444928,0.0022263124209919716,0.0009956371824980355,25,5,0.053002317374999997,0.0005633405891037411,0.00025193357034414846,0.035029,0.0003175373993721064,0.00014200704207890577,0.035132000000000004,0.0004065956222095838,0.00018183509012289052,1024178.4340645869,0.0,0.0,295036.321075925,2754.2406612770137,1231.733869001875,0.046234150023,0.1600136234131534,0.181052,0.001061123225643471,0.0004745487330085298,25,5,0.023536663549999996,0.0006566455712715652,0.00029366082689748056,0.035207,0.0003545525348943353,0.00015856071392372,0.034884,0.0010553103808832744,0.0004719491498032392,452272.52786225127,0.0,0.0,132572.43498060963,3259.4920511685477,1457.689159706619,0.09544432505099999,0.1600136234131534,0.079626,0.0004990666288182354,0.00022318938146784597,-2.6270782327764337,0.0051709259577979476,0.0023125083896508836,25,5,0.0,0.0,0.0,0.24458499999999997,0.0006543794770620471,0.0002926473987583003,0.24478,0.0014028542333400006,0.0006273754856543186,1024178.4340645869,0.0,0.0,0.0,0.0,0.0,0.046234150023,0.1600136234131534,0.18018399999999998,0.0008393405149282366,0.0003753644895298428,25,5,0.0,0.0,0.0,0.24346799999999996,0.0011189202384441744,0.0005003963429122894,0.243164,0.001344797382507888,0.0006014116726502848,452272.52786225127,0.0,0.0,0.0,0.0,0.0,0.09544432505099999,0.1600136234131534,0.08018099999999999,0.0010051082031303927,0.000449498053388445,-1.4487717510236737,0.005923250530330196,0.0026489581667159994,25,5
80000,20260805,0.11642457666250002,0.0009748336261916533,0.0004359588509834312,0.022106,9.638140380799581e-05,4.3103074136307144e-05,0.02196,0.00046243918519087455,0.0002068090907092819,2096495.1107625857,0.0,0.0,865649.8655252915,6840.759334542395,3059.280577950604,0.048111499996,0.1599142738885858,0.2779065,0.000333661505121569,0.00014921796138534448,25,5,0.0417013738125,0.0005753114861701664,0.00025728711826258444,0.041705000000000006,0.00026398390102428906,0.00011805718953117733,0.041415999999999994,0.0005684892259313258,0.0002542361107317361,1130334.0552138216,0.0,0.0,322643.59683145816,3824.938096813968,1710.5643188409408,0.078111499993,0.1599142738885858,0.14460800000000001,0.0003830363886107923,0.00017129908055795156,25,5,0.032377112003125,0.0005625984358163316,0.0002516016693040739,0.0073825,8.040911018037716e-05,3.596004727471874e-05,0.007332,0.000351880661588556,0.00015736581585592207,530860.1151151317,0.0,0.0,129680.94447632632,2114.434982709395,945.60407106836,0.168111499996,0.1599142738885858,0.1319495,0.00028276066513925987,0.00012645441372288803,0.5827330886835211,0.003975155328023009,0.0017777435069159845,25,5,0.0,0.0,0.0,0.23682299999999995,0.000494246269586337,0.00022103365128414728,0.23700799999999997,0.0010822984800876395,0.0004840185946841329,2149828.4441012526,73029.6743413253,32659.863240375107,0.0,0.0,0.0,0.048111499996,0.1599142738885858,0.277485,0.00028885009087764547,0.00012917768770188143,25,5,0.0,0.0,0.0,0.321951,0.0008419631078616045,0.000376537348745107,0.322446,0.0009016817620424568,0.00040324434279974457,1575981.1313582626,0.0,0.0,0.0,0.0,0.0,0.058111499994999996,0.1599142738885858,0.2047815,0.0006943535662758556,0.0003105243549224437,25,5,0.0,0.0,0.0,0.007258999999999999,0.00013759769256786186,6.153555882577134e-05,0.007239999999999999,0.0005420793299877796,0.00024242524621004307,530860.1151151317,0.0,0.0,0.0,0.0,0.0,0.168111499996,0.1599142738885858,0.1319255,0.0006167845045070577,0.00027583441590926127,0.007960193134681472,0.005726389863607715,0.00256091940013852,25,5,0.0592054103,0.00045260290821133245,0.00020241017391492742,0.0351805,0.00028390359279163263,0.00012696554650770196,0.035116,0.00047458402838696564,0.000212240429701789,1197004.9933602735,0.0,0.0,389536.19971447636,3155.9537754574344,1411.385435153986,0.076234150023,0.1600136234131534,0.18029250000000002,0.0006410855052175193,0.00028670215381123383,25,5,0.02383833231875,0.00013036133356743876,5.8299360698863646e-05,0.0351925,0.00023319787734883213,0.00010428926119212941,0.034988,0.0004707653343227415,0.00021053265779921298,528591.9486341767,0.0,0.0,156055.27800205298,1308.9713941581945,585.3898035880787,0.160444325051,0.1600136234131534,0.080348,0.00037275326960336836,0.00016670032993368753,-2.6267542780420396,0.002592750311035614,0.0011595131888318712,25,5,0.0,0.0,0.0,0.2442685,0.00041621283617881326,0.00018613603896076205,0.24425,0.0015537535197063938,0.0006948596980686111,1197004.9933602735,0.0,0.0,0.0,0.0,0.0,0.076234150023,0.1600136234131534,0.18087599999999998,0.0004971217154782117,0.00022231958978011815,25,5,0.0,0.0,0.0,0.2445055,0.0006049726233475364,0.0002705519820662935,0.244226,0.0011345175185954687,0.0005073716586487699,528591.9486341767,0.0,0.0,0.0,0.0,0.0,0.160444325051,0.1600136234131534,0.0802475,0.0002760208325471152,0.0001234402689562872,-1.4464701863769283,0.0026741511399612406,0.0011959167462123777,25,5
100000,20260805,0.12035870308400001,0.0006526570862121925,0.00029187712215348065,0.0217864,0.00018465860391544137,8.258183819702714e-05,0.0214528,0.0002716232685172597,0.00012147361853505424,2156643.0808405834,73029.67433986448,32659.863239721806,923032.186740923,29959.482207991652,13398.287757552966,0.058111499996,0.1599142738885858,0.278138,0.0004478124607466857,0.00020026782068020908,25,5,0.042535491192,0.0003168825034885124,0.00014171416373612557,0.04181520000000001,0.00019831590959879991,8.868957097652393e-05,0.0419408,0.0004004237755178897,0.00017907495637302349,1132727.677076593,0.0,0.0,330307.45279177773,2753.547649627939,1231.4239447705688,0.095611499993,0.1599142738885858,0.14469160000000003,0.0006789836522332483,0.000303650720400924,25,5,0.032884705554000006,0.00043472787626358533,0.00019441621660789882,0.007417999999999999,0.00011157956802210662,4.9899899799498424e-05,0.007508799999999999,7.51744637493348e-05,3.3619042223121264e-05,531344.9232144235,0.0,0.0,131600.8135861969,1646.7848370274667,736.4645679818656,0.20811149999599995,0.1599142738885858,0.1322646,0.00034617452245940363,0.00015481395285955082,0.5865087403958357,0.002887183306560013,0.0012911876273941606,25,5,0.0,0.0,0.0,0.2370564,0.000739581503284118,0.00033075090324895435,0.23720159999999998,0.0006515311197479416,0.0002913735746425906,2156643.080840584,73029.67433986448,32659.863239721806,0.0,0.0,0.0,0.058111499996,0.1599142738885858,0.27747160000000004,0.000496635480005217,0.00022210213866598056,25,5,0.0,0.0,0.0,0.3217976,0.0004816604613210376,0.00021540510671754962,0.3215376,0.0016646960082849905,0.0007444746872795583,1580492.0558662503,0.0,0.0,0.0,0.0,0.0,0.070611499995,0.1599142738885858,0.2046272,0.0006304452394934736,0.00028194368231970843,25,5,0.0,0.0,0.0,0.0073723999999999994,0.0002480943368962703,0.00011095116042655891,0.0073376,0.0002412235477726007,0.00010787845011864063,531344.9232144235,0.0,0.0,0.0,0.0,0.0,0.20811149999599995,0.1599142738885858,0.13193539999999998,0.0004168984288768727,0.00018644264533630971,0.004048318201496433,0.004282381546628354,0.0019151392487703367,25,5,0.06116913386,0.000984043194929218,0.0004400774953315615,0.0353088,0.000404617350097593,0.00018095037993880983,0.03504639999999999,0.0008267991291722553,0.00036975581131335844,1238814.1104425476,0.0,0.0,415493.8618582715,6928.850309989884,3098.6760598115743,0.091234150023,0.1600136234131534,0.18091240000000003,0.00010889811752275712,4.870071868052918e-05,25,5,0.023933597712,0.0003828501493715455,0.00017121579183814484,0.035373199999999994,0.00015143051211694223,6.772178379221768e-05,0.03511040000000001,0.00023862271476119315,0.00010671532223631407,547054.6641549395,0.0,0.0,162342.1179095353,2178.8011641584317,974.3895025027863,0.192944325051,0.1600136234131534,0.08030999999999999,0.00037631369892683907,0.00016829260233296034,-2.6277686649094503,0.0027706135472708457,0.0012390560462158876,25,5,0.0,0.0,0.0,0.244462,0.0008186281206994895,0.00036610162523539224,0.24448160000000002,0.000733242661061125,0.0003279160868271027,1238814.1104425476,0.0,0.0,0.0,0.0,0.0,0.091234150023,0.1600136234131534,0.18050800000000003,0.0005909686962944806,0.00026428923549777733,25,5,0.0,0.0,0.0,0.2445376,0.00026435355113937036,0.00011822250208821982,0.24464800000000003,0.001666834124920666,0.000745430882107797,547054.6641549395,0.0,0.0,0.0,0.0,0.0,0.192944325051,0.1600136234131534,0.0802724,0.0002976420669193096,0.00013310957891902352,-1.4458177801307122,0.005125137495123212,0.0022920311666256997,25,5
