distance,global_seed,R_sk-BB84,R_sk_std-BB84,R_sk_sem-BB84,QBER_total-BB84,QBER_total_std-BB84,QBER_total_sem-BB84,QBER_est-BB84,QBER_est_std-BB84,QBER_est_sem-BB84,Throughputs-BB84,Throughputs_std-BB84,Throughputs_sem-BB84,Throughput_final-BB84,Throughput_final_std-BB84,Throughput_final_sem-BB84,Latency-BB84,Loss-BB84,R_s-BB84,R_s_std-BB84,R_s_sem-BB84,N_keys-BB84,N_replicas-BB84,R_sk-B92,R_sk_std-B92,R_sk_sem-B92,QBER_total-B92,QBER_total_std-B92,QBER_total_sem-B92,QBER_est-B92,QBER_est_std-B92,QBER_est_sem-B92,Throughputs-B92,Throughputs_std-B92,Throughputs_sem-B92,Throughput_final-B92,Throughput_final_std-B92,Throughput_final_sem-B92,Latency-B92,Loss-B92,R_s-B92,R_s_std-B92,R_s_sem-B92,N_keys-B92,N_replicas-B92,R_sk-COW,R_sk_std-COW,R_sk_sem-COW,QBER_total-COW,QBER_total_std-COW,QBER_total_sem-COW,QBER_est-COW,QBER_est_std-COW,QBER_est_sem-COW,Throughputs-COW,Throughputs_std-COW,Throughputs_sem-COW,Throughput_final-COW,Throughput_final_std-COW,Throughput_final_sem-COW,Latency-COW,Loss-COW,R_s-COW,R_s_std-COW,R_s_sem-COW,Visibility-COW,Visibility_std-COW,Visibility_sem-COW,N_keys-COW,N_replicas-COW,R_sk-BB84+Eve,R_sk_std-BB84+Eve,R_sk_sem-BB84+Eve,QBER_total-BB84+Eve,QBER_total_std-BB84+Eve,QBER_total_sem-BB84+Eve,QBER_est-BB84+Eve,QBER_est_std-BB84+Eve,QBER_est_sem-BB84+Eve,Throughputs-BB84+Eve,Throughputs_std-BB84+Eve,Throughputs_sem-BB84+Eve,Throughput_final-BB84+Eve,Throughput_final_std-BB84+Eve,Throughput_final_sem-BB84+Eve,Latency-BB84+Eve,Loss-BB84+Eve,R_s-BB84+Eve,R_s_std-BB84+Eve,R_s_sem-BB84+Eve,N_keys-BB84+Eve,N_replicas-BB84+Eve,R_sk-B92+Eve,R_sk_std-B92+Eve,R_sk_sem-B92+Eve,QBER_total-B92+Eve,QBER_total_std-B92+Eve,QBER_total_sem-B92+Eve,QBER_est-B92+Eve,QBER_est_std-B92+Eve,QBER_est_sem-B92+Eve,Throughputs-B92+Eve,Throughputs_std-B92+Eve,Throughputs_sem-B92+Eve,Throughput_final-B92+Eve,Throughput_final_std-B92+Eve,Throughput_final_sem-B92+Eve,Latency-B92+Eve,Loss-B92+Eve,R_s-B92+Eve,R_s_std-B92+Eve,R_s_sem-B92+Eve,N_keys-B92+Eve,N_replicas-B92+Eve,R_sk-COW+Eve,R_sk_std-COW+Eve,R_sk_sem-COW+Eve,QBER_total-COW+Eve,QBER_total_std-COW+Eve,QBER_total_sem-COW+Eve,QBER_est-COW+Eve,QBER_est_std-COW+Eve,QBER_est_sem-COW+Eve,Throughputs-COW+Eve,Throughputs_std-COW+Eve,Throughputs_sem-COW+Eve,Throughput_final-COW+Eve,Throughput_final_std-COW+Eve,Throughput_final_sem-COW+Eve,Latency-COW+Eve,Loss-COW+Eve,R_s-COW+Eve,R_s_std-COW+Eve,R_s_sem-COW+Eve,Visibility-COW+Eve,Visibility_std-COW+Eve,Visibility_sem-COW+Eve,N_keys-COW+Eve,N_replicas-COW+Eve,R_sk-BBM92,R_sk_std-BBM92,R_sk_sem-BBM92,QBER_total-BBM92,QBER_total_std-BBM92,QBER_total_sem-BBM92,QBER_est-BBM92,QBER_est_std-BBM92,QBER_est_sem-BBM92,Throughputs-BBM92,Throughputs_std-BBM92,Throughputs_sem-BBM92,Throughput_final-BBM92,Throughput_final_std-BBM92,Throughput_final_sem-BBM92,Latency-BBM92,Loss-BBM92,R_s-BBM92,R_s_std-BBM92,R_s_sem-BBM92,N_keys-BBM92,N_replicas-BBM92,R_sk-E91,R_sk_std-E91,R_sk_sem-E91,QBER_total-E91,QBER_total_std-E91,QBER_total_sem-E91,QBER_est-E91,QBER_est_std-E91,QBER_est_sem-E91,Throughputs-E91,Throughputs_std-E91,Throughputs_sem-E91,Throughput_final-E91,Throughput_final_std-E91,Throughput_final_sem-E91,Latency-E91,Loss-E91,R_s-E91,R_s_std-E91,R_s_sem-E91,CHSH_S-E91,CHSH_S_std-E91,CHSH_S_sem-E91,N_keys-E91,N_replicas-E91,R_sk-BBM92+Eve,R_sk_std-BBM92+Eve,R_sk_sem-BBM92+Eve,QBER_total-BBM92+Eve,QBER_total_std-BBM92+Eve,QBER_total_sem-BBM92+Eve,QBER_est-BBM92+Eve,QBER_est_std-BBM92+Eve,QBER_est_sem-BBM92+Eve,Throughputs-BBM92+Eve,Throughputs_std-BBM92+Eve,Throughputs_sem-BBM92+Eve,Throughput_final-BBM92+Eve,Throughput_final_std-BBM92+Eve,Throughput_final_sem-BBM92+Eve,Latency-BBM92+Eve,Loss-BBM92+Eve,R_s-BBM92+Eve,R_s_std-BBM92+Eve,R_s_sem-BBM92+Eve,N_keys-BBM92+Eve,N_replicas-BBM92+Eve,R_sk-E91+Eve,R_sk_std-E91+Eve,R_sk_sem-E91+Eve,QBER_total-E91+Eve,QBER_total_std-E91+Eve,QBER_total_sem-E91+Eve,QBER_est-E91+Eve,QBER_est_std-E91+Eve,QBER_est_sem-E91+Eve,Throughputs-E91+Eve,Throughputs_std-E91+Eve,Throughputs_sem-E91+Eve,Throughput_final-E91+Eve,Throughput_final_std-E91+Eve,Throughput_final_sem-E91+Eve,Latency-E91+Eve,Loss-E91+Eve,R_s-E91+Eve,R_s_std-E91+Eve,R_s_sem-E91+Eve,CHSH_S-E91+Eve,CHSH_S_std-E91+Eve,CHSH_S_sem-E91+Eve,N_keys-E91+Eve,N_replicas-E91+Eve
100,20260805,0.0981264688,0.0026213991283200746,0.0011723253294164762,0.015583999999999997,0.0002765501762790986,0.00012367699866992285,0.014735999999999999,0.0010078095058095064,0.0004507061126721051,2354511.1067717904,0.0,0.0,705051.6705327567,12843.358716513316,5743.724629907645,0.013084499995999999,0.024722944474029784,0.319724,0.001849886483003764,0.000827294385330885,25,5,0.035209762,0.0010354566106225765,0.0004630702738207224,0.029183999999999998,0.0006277579151233376,0.0002807418743258652,0.028687999999999998,0.0013747436124601565,0.0006148040338189074,1223008.2740155554,0.0,0.0,255244.32440921795,12305.157698904679,5503.03381772115,0.016834499993,0.024722944474029784,0.163012,0.001715668965739017,0.00076727048685584,25,5,0.04536758660000001,0.002686475636271769,0.001201428428520135,0.0062039999999999994,0.00023723406163533956,0.00010609429767899883,0.0064,0.00044542114902640227,0.00019919839356781995,583186.0248616822,0.0,0.0,172339.6957016886,10088.756931421402,4511.829261426087,0.028084499996,0.024722944474029784,0.15084000000000003,0.0007163448890024939,0.00032035917342882353,0.6214843243251285,0.015427542298574145,0.006899406661073029,25,5,0.0,0.0,0.0,0.23363199999999998,0.002001329558068847,0.0008950217874443108,0.23537599999999997,0.0031533601126417427,0.001410225513880666,2354511.1067717904,0.0,0.0,0.0,0.0,0.0,0.013084499995999999,0.024722944474029784,0.317424,0.0022433635461066143,0.0010032626774678745,25,5,0.0,0.0,0.0,0.317516,0.0024975748237040054,0.0011169494169388419,0.317936,0.0055325654085604655,0.0024742384687010195,1714316.2510067776,0.0,0.0,0.0,0.0,0.0,0.014334499995,0.024722944474029784,0.23286400000000002,0.0024290491967022695,0.0010863038249035064,25,5,0.0,0.0,0.0,0.006523999999999999,0.00022556595487794665,0.00010087616170334779,0.00624,0.00029933259094191544,0.00013386560424545214,583186.0248616822,0.0,0.0,0.0,0.0,0.0,0.028084499996,0.024722944474029784,0.15019,0.00034029399054347724,0.00015218409903797712,0.013672439128932262,0.01453939926854489,0.006502217023295418,25,5,0.0446017636,0.0017709419510364521,0.0007919893173447222,0.0298,0.0009140021881811899,0.0004087542048713391,0.028848000000000002,0.0015456778448305459,0.0006912481464712945,611373.0667478659,0.0,0.0,126502.01945285204,5845.711554483392,2614.281682536166,0.020398625019,0.024923811884052016,0.207416,0.001537361375864522,0.000687528908483135,25,5,0.031893928800000006,0.0017152348036718471,0.0007670763236767512,0.029127999999999998,0.0009743305393961542,0.0004357338637287675,0.029296,0.0013415215242402931,0.0005999466642960854,279193.7004796068,2415.5544043549703,1080.2687702973456,95042.97393243962,5167.635926142702,2311.0370427650328,0.0406808400438,0.024923811884052016,0.091796,0.0023374943850199914,0.0010453592683857533,-2.668666917447383,0.008632069624673906,0.0038603788934563894,25,5,0.0,0.0,0.0,0.24057199999999995,0.001896343850676882,0.0008480707517654437,0.242288,0.0038151697209953777,0.0017061957683689143,611373.0667478659,0.0,0.0,0.0,0.0,0.0,0.020398625019,0.024923811884052016,0.20684,0.0014001428498549694,0.0006261629180971986,25,5,0.0,0.0,0.0,0.242196,0.001904961941877053,0.0008519248793174188,0.24286400000000002,0.003339652676551858,0.0014935380812018146,278267.3776512123,507.36790857611686,226.90182663561916,0.0,0.0,0.0,0.0406808400438,0.024923811884052016,0.09248799999999999,0.001386116878188852,0.0006198903128780138,-1.4611678992626875,0.01687284235621496,0.0075457644964268735,25,5
200,20260805,0.09183909319999999,0.0028327997999401835,0.001266866583862811,0.01644,0.000586003412959345,0.0002620686932847953,0.016336,0.001422561070745295,0.0006361886512662733,2247783.3074128726,59628.47944769705,26666.666687999943,641791.048240689,26816.714065767348,11992.79911684611,0.013088999996,0.04864132254518472,0.31044,0.001832648356886826,0.0008195852609704475,25,5,0.0322515172,0.0017304799290165716,0.0007738941509960129,0.031744,0.0010164054309181932,0.0004545503272466093,0.031312,0.0018352983408699522,0.0008207703698355587,1184882.4884872264,0.0,0.0,229036.6453767328,13184.668495438607,5896.36300332012,0.016838999993,0.04864132254518472,0.161076,0.001572030534054605,0.000703033427370279,25,5,0.042120988000000005,0.0015404894727111904,0.0006889278359210058,0.006456000000000001,0.00023974986965585607,0.00010721940122944166,0.006448,0.000747475752115077,0.00033428131865241887,583177.3758676319,0.0,0.0,163376.23855907808,6241.707541084959,2791.376471507806,0.028088999996,0.04864132254518472,0.147666,0.0014346706939224808,0.0006416042393874923,0.6123543162250928,0.010869500748799785,0.004860988511160237,25,5,0.0,0.0,0.0,0.233616,0.0021314971264348496,0.0009532344937107575,0.23465600000000003,0.005799420660721205,0.0025935797654978716,2247783.3074128726,59628.47944769705,26666.666687999943,0.0,0.0,0.0,0.013088999996,0.04864132254518472,0.310208,0.0031048864713544965,0.0013885474424736215,25,5,0.0,0.0,0.0,0.31845999999999997,0.0008219489035213748,0.00036758672446104203,0.31937599999999994,0.0056456425675028565,0.002524808111520566,1698269.0639493237,35777.08766861832,16000.000012800005,0.0,0.0,0.0,0.014338999994999999,0.04864132254518472,0.227196,0.0019880342049371164,0.000889075924766828,25,5,0.0,0.0,0.0,0.006408000000000001,0.00035002857026248616,0.00015653753543479608,0.006319999999999999,0.00029933259094191517,0.000133865604245452,576510.7091996318,14907.119852980026,6666.666668000002,0.0,0.0,0.0,0.028088999996,0.04864132254518472,0.14748,0.001120490963818981,0.0005010987926546997,0.006150658021335711,0.007122252742130552,0.003185168256867639,25,5,0.042921350799999994,0.0023176292731874088,0.0010364753202980954,0.030312,0.000682143679879834,0.0003050639277266329,0.029424,0.001814960054656849,0.0008116748117318896,611102.1984646164,0.0,0.0,124029.10034956748,6331.384248816753,2831.48111440514,0.020407875019,0.04883639241377191,0.203,0.0029169847445607217,0.0013045152356335266,25,5,0.0286370892,0.0011818496427216105,0.0005285392280618721,0.030856,0.0008250333326599613,0.00036896612310617416,0.031408000000000005,0.0010378439189011044,0.0004641379105395296,273144.1644632035,0.0,0.0,84941.32143901821,3532.103731049722,1579.6048092415624,0.043317300047,0.04883639241377191,0.09053599999999999,0.0006447325026706818,0.00028833314065504186,-2.656226128497702,0.00990425508626473,0.004429317527877196,25,5,0.0,0.0,0.0,0.240716,0.0011789317198209427,0.0005272342932700727,0.24305600000000002,0.0027996571218633273,0.0012520447276355624,611102.1984646164,0.0,0.0,0.0,0.0,0.0,0.020407875019,0.04883639241377191,0.20235599999999998,0.0005372894936624307,0.0002402831662851275,25,5,0.0,0.0,0.0,0.24134000000000003,0.0021867327225795,0.0009779366032621902,0.24486399999999997,0.00362321404280785,0.0016203505793500371,273144.1644632035,0.0,0.0,0.0,0.0,0.0,0.043317300047,0.04883639241377191,0.09073600000000001,0.0005516158083303959,0.00024669008897805196,-1.4688153390047747,0.005236729225265443,0.002341936505490668,25,5
300,20260805,0.08816379199999999,0.0010182250481853277,0.0004553640848270783,0.017428,0.00014669696656713856,6.560487786742715e-05,0.017392,0.0005501999636495803,0.00024605690398767495,2221055.541902208,0.0,0.0,622007.4456972813,6651.6010488401735,2974.6864208831053,0.013093499996,0.07197890714820987,0.30554000000000003,0.002795675231495941,0.001250263972127477,25,5,0.028868196000000002,0.0006762786288623913,0.0003024409971733316,0.0336,0.0010321821544669312,0.00046160589251004923,0.034,0.0007310266752998846,0.00032692506786724166,1184851.9530195221,0.0,0.0,211014.9742114352,6539.346251025527,2924.484549140296,0.016843499993,0.07197890714820987,0.15671200000000002,0.002557092098458717,0.001143566351376255,25,5,0.040010718,0.0008022027111522381,0.0003587559587742066,0.00686,0.00018275666882497065,8.17312669668102e-05,0.006832,0.00033752036975566354,0.00015094369811290555,549835.3953318963,0.0,0.0,148749.72783045055,2375.224484771558,1062.2326819542234,0.028093499996,0.07197890714820987,0.144974,0.00129161913891054,0.0005776296391287422,0.6111793470468306,0.007318031438935481,0.0032727231517880673,25,5,0.0,0.0,0.0,0.23524800000000004,0.0009244025097326481,0.0004134053700667224,0.235744,0.004256345850609414,0.001903495731542363,2221055.541902208,0.0,0.0,0.0,0.0,0.0,0.013093499996,0.07197890714820987,0.303444,0.001545988357006626,0.0006913870117380058,25,5,0.0,0.0,0.0,0.318652,0.002191556524482088,0.000980093873055026,0.32097600000000004,0.0037336952205556553,0.001669759264085703,1634221.8997653634,0.0,0.0,0.0,0.0,0.0,0.014343499995,0.07197890714820987,0.2234,0.0013392535234226716,0.0005989323834958401,25,5,0.0,0.0,0.0,0.006827999999999999,0.0002670580461248073,0.00011943198901466867,0.006799999999999999,0.0004866210024238579,0.00021762352813976723,549835.3953318963,0.0,0.0,0.0,0.0,0.0,0.028093499996,0.07197890714820987,0.14394400000000002,0.0005634980035457048,0.0002520039682227227,0.007831239345830472,0.008609889196218013,0.0038504595042969003,25,5,0.0394895448,0.00191795139518946,0.000857733939436839,0.031068000000000002,0.0005910329940028768,0.00026431799030713157,0.031408,0.001530071893735719,0.0006842689529709804,590470.5177525731,0.0,0.0,114553.95103755491,4926.6272784787,2203.254698896632,0.023691350023,0.07216667200594962,0.19782399999999997,0.001950353814055289,0.0008722247416807222,25,5,0.028280709199999997,0.0016223129746572307,0.0007255204184226922,0.030408,0.0003590543134401822,0.00016057397049335276,0.030543999999999998,0.0007275163228409406,0.0003253551905226052,266544.6851286444,2534.592649780554,1133.5042920361273,84006.52246427024,4153.567149420821,1857.5316990429963,0.043336700047,0.07216667200594962,0.08791600000000001,0.0013917183623132984,0.0006223953727334433,-2.6558210936424347,0.004353946389510005,0.0019471440194668297,25,5,0.0,0.0,0.0,0.24193199999999998,0.0007975713134259493,0.0003566847347448427,0.24412799999999998,0.0028963977627390787,0.0012953084574725774,592506.6229866408,4552.869711443879,2036.105233497673,0.0,0.0,0.0,0.0230365050222,0.07216667200594962,0.198956,0.0030483897388621545,0.0013632813356017218,25,5,0.0,0.0,0.0,0.24098800000000004,0.0017829526073342412,0.0007973606461319706,0.240064,0.0006654922989787286,0.00029761720380381017,265619.18274973,2534.5926497805535,1133.504292036127,0.0,0.0,0.0,0.043336700047,0.07216667200594962,0.08865999999999999,0.0011008178777618036,0.0004923007211044894,-1.454643083118372,0.00698541504884544,0.0031239725800536835,25,5
400,20260805,0.083889802,0.0028320890990387267,0.0012665487487573453,0.017712,0.0006888541209864398,0.0003080649282213087,0.018256,0.0014701292460188669,0.0006574617859617396,2220994.4768357985,4.656612873077393e-10,2.08250058582033e-10,610210.5229896589,23459.707784115897,10491.500267512822,0.013097999996,0.09475378136267898,0.29666800000000004,0.0017457720355189546,0.0007807329889277119,25,5,0.027518634400000002,0.0007349483293652684,0.000328678884882129,0.035216000000000004,0.0007990494352666801,0.0003573457709278229,0.034992,0.0008792724264981836,0.0003932225832782252,1146726.1913540207,0.0,0.0,199089.16634327592,6057.599077850164,2709.0406637026013,0.016847999993,0.09475378136267898,0.15430000000000002,0.00160480528413887,0.0007176907411970756,25,5,0.0360975272,0.0015755444823981322,0.0007046049128433888,0.006652,0.0001261744823647007,5.642694391866383e-05,0.0068000000000000005,0.0010007996802557447,0.00044757122338237983,549826.7499339144,0.0,0.0,137666.4053222428,6109.353500829825,2732.185945286361,0.028097999996,0.09475378136267898,0.141168,0.0009980831628676997,0.0004463563598740341,0.5959977421284977,0.006518156514622735,0.0029150082109359074,25,5,0.0,0.0,0.0,0.235344,0.00284932974574725,0.0012742590003606085,0.23743999999999996,0.0036908535598151287,0.0016505998909487427,2220994.476835799,0.0,0.0,0.0,0.0,0.0,0.013097999996,0.09475378136267898,0.296808,0.0017557676383850042,0.0007852031584246276,25,5,0.0,0.0,0.0,0.32008800000000004,0.0007372380890865526,0.00032970289655991547,0.32153600000000004,0.004561894343362197,0.0020401411715859274,1618174.758515013,35777.08766861832,16000.000012800005,0.0,0.0,0.0,0.014347999995,0.09475378136267898,0.218372,0.0011812366401360971,0.0005282650849715539,25,5,0.0,0.0,0.0,0.006927999999999999,0.00036595081636744536,0.00016365818036383008,0.0069440000000000005,0.0005752216963919215,0.0002572469630530164,549826.7499339144,0.0,0.0,0.0,0.0,0.0,0.028097999996,0.09475378136267898,0.14132,0.0008623514364805158,0.00038565528649300504,0.00796255207252629,0.0070543919648169235,0.003154819994651789,25,5,0.0379407748,0.001408003059987158,0.0006296781109317998,0.031852000000000005,0.0004001499718855445,0.00017895250766614143,0.03176,0.0011468216949465165,0.0005128742535943875,586138.734054021,9101.708705408884,4070.4078753391746,112246.99576392963,4448.039289874941,1989.2236437500517,0.023702050023,0.0949314821578695,0.192232,0.002379689055317943,0.0010642292986006354,25,5,0.026113759999999996,0.00022796426095772344,0.00010194871678839418,0.032532,0.0007417007482805999,0.0003316986584235763,0.032112,0.0018535155785695445,0.0008289173662072708,261801.23380151956,2533.470694965845,1133.0025385894526,77055.87784958146,1117.5083711534025,499.7649366648146,0.043356100046999996,0.0949314821578695,0.08718000000000001,0.0015404544783926683,0.0006889121859859974,-2.642314909803545,0.003060994775517336,0.0013689184793656945,25,5,0.0,0.0,0.0,0.24253999999999998,0.001598249041920556,0.0007147587005416548,0.244384,0.003486384947191012,0.0015591587475302234,590209.1419293601,0.0,0.0,0.0,0.0,0.0,0.023702050023,0.0949314821578695,0.19304400000000002,0.0019083710331065096,0.0008534494712635314,25,5,0.0,0.0,0.0,0.24196,0.0024173952924583784,0.0010810920404849837,0.243728,0.003064950244294356,0.0013706874187793532,259025.95570469735,4.1159031748919956e-11,1.8406878575731415e-11,0.0,0.0,0.0,0.043356100046999996,0.0949314821578695,0.08613599999999999,0.0007781259538146786,0.0003479885055572966,-1.4631940206328171,0.005669820145450545,0.0025356206530850324,25,5
500,20260805,0.07965654200000001,0.0027451692890173443,0.0012276770279975096,0.019564,0.0008458605085946499,0.00037828031934003645,0.019295999999999997,0.001412402209004218,0.0006316454701808593,2087600.1120576784,0.0,0.0,555230.1595528849,23446.913784312743,10485.778616860027,0.013102499996,0.11698532510194082,0.28876,0.001480743056711729,0.0006622084264036504,25,5,0.024440172399999998,0.0018566764947526002,0.0008303309708985691,0.0378,0.0011266765285564428,0.0005038650613011378,0.0376,0.001979898987322336,0.0008854377448471476,1108600.4416094485,0.0,0.0,176138.37960256432,15124.022690575912,6763.668565875401,0.016852499992999998,0.11698532510194082,0.14932399999999998,0.0010193527358083676,0.0004558684020635788,25,5,0.0339286462,0.0020634839765426355,0.0009228180884061828,0.006992000000000001,0.00030318311298619527,0.00013558761005342637,0.0069440000000000005,0.0010649319227067995,0.00047625203411639106,523151.43966112565,14907.119852980053,6666.6666680000135,124688.70494346185,6481.61901887504,2898.6681460920163,0.028102499996,0.11698532510194082,0.139386,0.0010573693772755093,0.000472869960982932,0.5900543492581896,0.011922900110232148,0.005332083027083764,25,5,0.0,0.0,0.0,0.234492,0.0024239471941442828,0.0010840221399952992,0.23555199999999998,0.0033161905855966737,0.0014830455151477993,2087600.1120576784,0.0,0.0,0.0,0.0,0.0,0.013102499996,0.11698532510194082,0.29146,0.0019045209371387907,0.0008517276560027879,25,5,0.0,0.0,0.0,0.31887600000000005,0.0028285826839602947,0.0012649806322628046,0.319376,0.0023029719928822495,0.0010299203852725744,1554127.6401048056,0.0,0.0,0.0,0.0,0.0,0.014352499995,0.11698532510194082,0.213888,0.0013138188611829295,0.000587557656745278,25,5,0.0,0.0,0.0,0.007004000000000001,0.0002654806960967217,0.00011872657663724657,0.007135999999999999,0.0004285790475513243,0.00019166637681137518,523151.43966112565,14907.119852980053,6666.6666680000135,0.0,0.0,0.0,0.028102499996,0.11698532510194082,0.13879199999999997,0.0006964696691170409,0.00031147070488249785,0.0067651124459974,0.006949427429496241,0.003107878427411044,25,5,0.0353465172,0.0024253115970833926,0.0010846323195394093,0.033592,0.0009506418884101418,0.0004251399769487693,0.033535999999999996,0.00199471301193931,0.0008920627780599294,569604.9630103214,0.0,0.0,102634.11703913349,6605.244621071559,2953.955196146169,0.023712750023,0.11714810880137494,0.18896799999999997,0.0017745196533146554,0.0007935893144441859,25,5,0.024844022,0.0009362720580333469,0.0004187135934392383,0.033440000000000004,0.0007770456872024964,0.00034750539564156407,0.032464,0.0010282412168358158,0.00045984345162239707,255354.87227757732,2011.8458138783878,899.724800016093,74587.12988087157,2783.8249408392835,1244.9643610351936,0.043375500047,0.11714810880137494,0.08348,0.0005728874234960897,0.00025620304447839334,-2.6391898849731565,0.006099984943104063,0.002727996198901174,25,5,0.0,0.0,0.0,0.243492,0.002202843616782618,0.000985141614185486,0.24403199999999997,0.004371763946051992,0.0019551122729909954,569604.9630103214,0.0,0.0,0.0,0.0,0.0,0.023712750023,0.11714810880137494,0.188916,0.0018936419936197131,0.0008468624445563803,25,5,0.0,0.0,0.0,0.243756,0.0027227339201618696,0.001217643626025285,0.242672,0.002770472883823274,0.0012389931396097436,254572.4478778067,389.5922665620069,174.23095830817314,0.0,0.0,0.0,0.0440309250478,0.11714810880137494,0.084568,0.001466601513704387,0.0006558841361094198,-1.448491051257054,0.006590036187288526,0.002947153777792136,25,5
600,20260805,0.0744140724,0.0023592643212397408,0.0010550950798363923,0.020684,0.00024058262613912894,0.00010759182125050202,0.021440000000000004,0.0012367699866992234,0.0005531003525581948,2087539.1144199104,0.0,0.0,530896.2561467262,14086.06812485232,6299.481172572556,0.013106999995999999,0.13869596355178648,0.28452,0.0025420857577981063,0.0011368553118141264,25,5,0.0222703552,0.0009344866910016431,0.00041791515302970294,0.039376,0.0006003998667554795,0.00026850698314941367,0.040112,0.0009953491849597322,0.00044513368778379444,1100950.8942793952,17036.708413627744,7619.047625142848,159007.89747549634,6080.874481333284,2719.449740581,0.016856999993,0.13869596355178648,0.149248,0.0027471658122508805,0.0012285699003312786,25,5,0.032769897000000006,0.001203288436128055,0.0005381269479443489,0.007084,0.0004802915781064668,0.0002147929235333419,0.007072,0.0009236449534317826,0.00041306658058961866,516476.1311889699,0.0,0.0,122572.64171420134,4094.7392083096547,1831.2230439828118,0.028106999996,0.13869596355178648,0.134842,0.0011587579557439953,0.0005182123117024532,0.5961007862628195,0.007506777418983935,0.0033571329201617,25,5,0.0,0.0,0.0,0.236312,0.0015125210742333555,0.0006764199878773577,0.237264,0.004556279183719968,0.0020376299958530203,2087539.1144199104,0.0,0.0,0.0,0.0,0.0,0.013106999995999999,0.13869596355178648,0.28419999999999995,0.0008966604708584245,0.00040099875311528125,25,5,0.0,0.0,0.0,0.322112,0.0019906079473366862,0.0008902269373592303,0.32198400000000005,0.006755714618010457,0.0030212474244920816,1538080.54459489,35777.08766861832,16000.000012800005,0.0,0.0,0.0,0.014356999995,0.13869596355178648,0.20850399999999997,0.001231454424654045,0.0005507231609438675,25,5,0.0,0.0,0.0,0.006899999999999999,0.0003449637662132063,0.0001542724862054149,0.007103999999999999,0.00039759275647325415,0.00017780888616714317,516476.1311889699,0.0,0.0,0.0,0.0,0.0,0.028106999996,0.13869596355178648,0.13491,0.0005422637734534766,0.0002425077318355039,0.004469725604580315,0.004830332537067843,0.0021601903813625437,25,5,0.0344772464,0.0025887659214484412,0.001157731315638719,0.033755999999999994,0.0007087171509142439,0.0003169479452528453,0.033712,0.0021411025197313653,0.0009575301561830834,557152.6240683838,11137.410955205069,4980.80159783788,99955.87467796411,5191.556878918995,2321.7348180639033,0.023723450022999998,0.1388350987652749,0.185504,0.002098780598347529,0.0009386032175525514,25,5,0.023267954799999997,0.0006625623309962625,0.0002963068822876718,0.034508,0.0009913223491881977,0.00044333283207991864,0.034848,0.0015111320259990522,0.000675798786622172,248700.9186593021,2141.809799077876,957.8464611226594,69231.24799199743,1367.8635494576176,611.7271761062757,0.046673475051,0.1388350987652749,0.082148,0.0013262428133641259,0.0005931138170705504,-2.633337266296993,0.008256789755903611,0.0036925486340248738,25,5,0.0,0.0,0.0,0.242152,0.0022348870217530014,0.0009994718605343524,0.242496,0.0009163405480496881,0.00040979995119570296,553085.8165934698,9093.657965311937,4066.807474913983,0.0,0.0,0.0,0.023723450022999998,0.1388350987652749,0.184584,0.0021014947061556,0.0009398170034639734,25,5,0.0,0.0,0.0,0.24226,0.0024639399343328056,0.0011019074371289043,0.244672,0.0045916794313192195,0.00205346146786347,249482.99701986247,1748.7803779445853,782.0783605603733,0.0,0.0,0.0,0.046673475051,0.1388350987652749,0.08180400000000002,0.0012449417657063254,0.000556754883229592,-1.4450424183809427,0.010067325075687823,0.0045022446441652375,25,5
700,20260805,0.07011547280000001,0.00287082585956188,0.0012838723547089256,0.022036,0.0006411552074186097,0.0002867333255831977,0.022752,0.001344142849551342,0.0006011189566134147,2007478.15039059,73029.67439244574,32659.863263236864,491508.4981053614,27197.83110965476,12163.239840349315,0.013111499996,0.1599142738885858,0.277048,0.003644244777728284,0.001629755809929811,25,5,0.0215891472,0.001166334531963791,0.0005216006595952876,0.041392,0.0008087768542682191,0.00036169600495443573,0.040224,0.0015350830596420502,0.0006865100144935976,1075286.1250513815,10826.837822506313,4841.9090704979835,154418.46006186435,11179.939230089389,4999.820820559306,0.0171114999928,0.1599142738885858,0.145132,0.0012878353932083155,0.0005759374966087928,25,5,0.0292701488,0.001517028778489616,0.0006784358945052504,0.0073880000000000005,0.00037110645372992316,0.0001659638514857977,0.007232,0.0005645529204600752,0.00025247574140895197,503134.15784488694,18257.418587156997,8164.965810910243,109232.5447446317,3482.5828290281534,1557.4583885960956,0.028111499996,0.1599142738885858,0.13170199999999999,0.0007034699709298137,0.0003146013350257729,0.580904393907073,0.013561347070866574,0.006064818783385063,25,5,0.0,0.0,0.0,0.234904,0.0014823899621894464,0.000662944944923789,0.234912,0.004910918447704069,0.002196229496204809,2034144.8170785897,73029.67439244574,32659.863263236864,0.0,0.0,0.0,0.013111499996,0.1599142738885858,0.27655599999999997,0.002444274943618255,0.0010931129859259767,25,5,0.0,0.0,0.0,0.323576,0.0010223893583170744,0.00045722642093387367,0.326848,0.005261969213136861,0.00235322417121702,1474033.471891831,0.0,0.0,0.0,0.0,0.0,0.014361499994999999,0.1599142738885858,0.20389600000000002,0.0014230530559329168,0.0006364086737309625,25,5,0.0,0.0,0.0,0.007412,0.0003748599738569061,0.00016764247671756721,0.0068639999999999994,0.000834074337214616,0.0003730093832599928,516467.49118088686,0.0,0.0,0.0,0.0,0.0,0.028111499996,0.1599142738885858,0.132364,0.0012846127821254136,0.0005744963011195103,0.007553552671683586,0.013843081185566574,0.006190814109795048,25,5,0.031383466799999996,0.0013208802508067128,0.0005907156061881562,0.0354,0.0007613146524269726,0.0003404702630186672,0.03558399999999999,0.001492809431910188,0.0006676046734408048,548776.3043945801,0.0,0.0,93238.69601395194,4358.952496580839,1949.382818609435,0.023734150023,0.1600136234131534,0.17947200000000002,0.0014399027744955533,0.0006439440969525215,25,5,0.0222869776,0.001055490952779227,0.0004720299040100744,0.035328000000000005,0.00112433091214286,0.0005028160697511557,0.034816,0.002275012087879972,0.0010174163356266685,243118.84710239404,1748.0072949513485,781.732627335348,66719.52480911976,3004.0454697774,1343.449975584511,0.046694325051,0.1600136234131534,0.079824,0.0008684929475821883,0.0003884018537545869,-2.6241448472694553,0.003570690086781875,0.0015968611521257792,25,5,0.0,0.0,0.0,0.24504399999999998,0.0019375964492122674,0.0008665194746801697,0.244368,0.0030424200893367733,0.0013606116271736015,548776.3043945801,5.820766091346741e-11,2.6031257322754125e-11,0.0,0.0,0.0,0.023734150023,0.1600136234131534,0.18104,0.0014121614638560158,0.0006315378056775327,25,5,0.0,0.0,0.0,0.24408400000000002,0.0038775352996458976,0.0017340865030326487,0.245024,0.0032231165042548478,0.0014414215205830658,242337.1144750587,0.0,0.0,0.0,0.0,0.0,0.046694325051,0.1600136234131534,0.080216,0.0007132180592217153,0.0003189608126400452,-1.4417818923621326,0.019125454383190278,0.008553163220276954,25,5
800,20260805,0.0702828252,0.0037551089605985127,0.0016793357797633707,0.022912,0.0013820709099029616,0.0006180809008536018,0.022095999999999998,0.0020485311811148984,0.0009161309950001692,1954083.8866938413,0.0,0.0,483489.2202507706,27513.069999734038,12304.218957823085,0.013115999996,0.18068036429900647,0.272992,0.0020870840903039513,0.0009333723801355889,25,5,0.017773965599999997,0.0007099200429659673,0.0003174858949322949,0.043924000000000005,0.0008341942219890992,0.00037306299736103514,0.04440000000000001,0.0011468216949465197,0.0005128742535943891,1058437.9876729292,4259.177103407066,1904.7619062857702,129012.50675895333,7022.8674349994735,3140.7217963256817,0.018115999992,0.18068036429900647,0.141476,0.0018645857448773978,0.0008338680950845883,25,5,0.0262834838,0.0009811146376849653,0.00043876780471673184,0.007611999999999999,0.00029482198018465286,0.00013184839779079596,0.007808000000000001,0.0005233736714814765,0.00023405982141324488,483125.5196283168,0.0,0.0,96024.83740636855,3093.420032484005,1383.4194951187685,0.028115999996,0.18068036429900647,0.129272,0.0012327692403690167,0.0005513111644071798,0.5695832869679227,0.006832212158035673,0.00305545816441366,25,5,0.0,0.0,0.0,0.23769999999999997,0.0016785112451217054,0.0007506530490179891,0.239632,0.005131424753418871,0.002294842914013938,1954083.8866938413,0.0,0.0,0.0,0.0,0.0,0.013115999996,0.18068036429900647,0.271208,0.002273349951063412,0.001016673005444722,25,5,0.0,0.0,0.0,0.321484,0.0018040731692478505,0.0008068060485643354,0.322704,0.004662840336104157,0.0020852855919513726,1492262.6726238201,30314.755661105344,13557.170875905626,0.0,0.0,0.0,0.014865999994599999,0.18068036429900647,0.20099199999999998,0.0022872953460364516,0.001022909575671282,25,5,0.0,0.0,0.0,0.007616,0.00045351956958878845,0.00020282011734539546,0.007520000000000001,0.0008522910301065003,0.0003811561359862909,483125.5196283168,0.0,0.0,0.0,0.0,0.0,0.028115999996,0.18068036429900647,0.128596,0.0007870069885331352,0.00035196022502549754,0.016989589193222535,0.010528557007394353,0.004708513834703106,25,5,0.029494951599999996,0.0013499406304555719,0.0006037118030575163,0.036296,0.0006690889328034077,0.0002992256673482417,0.036832,0.0014714346740511426,0.0006580455911257201,528217.7469696988,0.0,0.0,85421.45863488992,4296.367580809128,1921.3939934031064,0.023744850023,0.18070972956366171,0.17598799999999998,0.0010204508807385214,0.0004563595074061729,25,5,0.021568985199999998,0.0012216881691148518,0.0005463555586896134,0.036404000000000006,0.0008446774532328856,0.00037775124089802636,0.03544,0.001245792920191795,0.0005571355310873648,237541.70869521145,1747.234895169369,781.3871996516856,63959.635032386155,3395.062600188804,1518.3181523778712,0.046715175051,0.18070972956366171,0.078796,0.0022566080740793306,0.0010091858104432528,-2.626416241540442,0.015069527220687435,0.006739297450848116,25,5,0.0,0.0,0.0,0.245964,0.002422783523140262,0.001083501730501612,0.244272,0.004015011830617692,0.001795567876745406,528217.7469696988,0.0,0.0,0.0,0.0,0.0,0.023744850023,0.18070972956366171,0.175884,0.001035799208341077,0.00046322348817822307,25,5,0.0,0.0,0.0,0.24621200000000001,0.001513115990266435,0.0006766860424155317,0.24528,0.0025662423891752682,0.001147658485787474,236760.32149555977,2139.9169769750974,956.999965344434,0.0,0.0,0.0,0.046715175051,0.18070972956366171,0.078752,0.001779921346576862,0.0007960050251097652,-1.445999362306716,0.010086087372283512,0.004510635398285632,25,5
900,20260805,0.06498229959999999,0.002393764138326239,0.001070523867079736,0.024624,0.0010619227843868884,0.00047490630654898697,0.024064000000000002,0.0013837918918681374,0.0006188505473860387,1954022.9899898216,0.0,0.0,463134.811373341,12119.742726200262,5420.113721118481,0.013120499996000002,0.20105478640922292,0.26550399999999996,0.001303871159279157,0.0005831089092099302,25,5,0.016060306399999995,0.0008503407511843695,0.000380283944737297,0.046176,0.0008733155214468607,0.0003905585743521712,0.04632000000000001,0.0008944271909999152,0.00039999999999999964,1039365.0801637024,15649.215941238417,6998.542127836491,116022.26251401557,4954.049600909321,2215.5183343077892,0.018120499992,0.20105478640922292,0.13979599999999998,0.0015091322009684815,0.0006749044376798797,25,5,0.024803524799999997,0.0013158762785287594,0.0005884777617539506,0.007608000000000001,0.0004100243895184775,0.0001833684814792336,0.007248,0.001110819517293426,0.0004967735902803208,490730.3450195859,10425.161933577283,4662.27415198439,93874.452842563,3598.1489304344327,1609.1411203239106,0.030120499995599997,0.20105478640922292,0.126702,0.0006275109560796417,0.00028063143088399276,0.5638297728115692,0.0061143678786879565,0.0027344284432374915,25,5,0.0,0.0,0.0,0.23806,0.0026594736321309815,0.0011893527651626286,0.23870400000000003,0.0052849673603533225,0.002363509255323531,1954022.9899898216,0.0,0.0,0.0,0.0,0.0,0.013120499996000002,0.20105478640922292,0.266112,0.0016761622833126653,0.0007496025613616761,25,5,0.0,0.0,0.0,0.322268,0.0011841959297346051,0.0005295885195130283,0.32216,0.0020356817039999075,0.0009103845341392798,1452972.9740867321,0.0,0.0,0.0,0.0,0.0,0.015620499994,0.20105478640922292,0.19698,0.0026432934002868585,0.0011821167455035955,25,5,0.0,0.0,0.0,0.007951999999999999,0.0002406657433038602,0.00010762899237658925,0.007904,0.0007074461110218931,0.0003163795189325632,485783.5498779,5962.847941192001,2666.666667199996,0.0,0.0,0.0,0.028120499995999998,0.20105478640922292,0.12573600000000001,0.0010191319836017414,0.00045576967867553896,0.004340898011047601,0.005780871166923986,0.002585284179682113,25,5,0.027754668399999998,0.0007758023906645309,0.00034694937652654783,0.037688,0.0009265635434226845,0.0004143718137132401,0.037968,0.0006464673232267843,0.0002891089759934837,519861.6065259312,11122.653463761842,4974.201847028994,81281.97478240146,2885.5885207190913,1290.4744174841896,0.023755550022999998,0.20095797713652672,0.17204,0.0018512158166999338,0.0008278888814327685,25,5,0.019003693199999998,0.0013699563626054664,0.0006126631105988347,0.037284,0.0006710290604735389,0.00030009331881933,0.037663999999999996,0.0020625421207820216,0.0009223968777050364,231857.91946146692,1701.3272960812153,760.8566972027018,57115.35056026016,3506.156977336954,1568.0010682221236,0.0487057800534,0.20095797713652672,0.075856,0.0009024854569465425,0.00040360376608748576,-2.6108020797276916,0.011639902189304229,0.005205522509346576,25,5,0.0,0.0,0.0,0.245092,0.0009122061170590698,0.0004079509774470421,0.247072,0.002922793184609546,0.0013071128489920074,523923.02532687475,9081.608524005473,4061.4188009435534,0.0,0.0,0.0,0.023755550022999998,0.20095797713652672,0.17287599999999997,0.0014432186251569774,0.0006454269904489579,25,5,0.0,0.0,0.0,0.24453999999999998,0.0021190092024340073,0.0009476497243180106,0.242832,0.004316146429397402,0.0019302393633951174,230965.29994474578,6.766825372343522e-08,3.026216304886088e-08,0.0,0.0,0.0,0.0493623650542,0.20095797713652672,0.077408,0.0012896976389836492,0.0005767703182376845,-1.4465644862717102,0.012943591355175225,0.005788550028630085,25,5
1000,20260805,0.0593183744,0.00274573646539918,0.0012279306769865132,0.025636000000000003,0.0005759166606376325,0.00025755776051208473,0.026591999999999998,0.0017532598210191208,0.0007840816284035737,1820628.7934347175,0.0,0.0,402400.3812574273,21496.091710677825,9613.344463129071,0.013124999996,0.22113211124087098,0.259184,0.0013034109098822172,0.000582903079422298,25,5,0.0129332532,0.0010478863546106514,0.00046862902432077334,0.048956,0.0006602120871356426,0.0002952558212804623,0.05009600000000001,0.0014259312746412428,0.0006376958522681482,1027911.2292694676,0.0,0.0,95565.33997454672,7466.135511764137,3338.957306705958,0.018124999992,0.22113211124087098,0.13596,0.0012005831916198023,0.0005369171258211067,25,5,0.0225795066,0.0007982237914922726,0.0003569765318068679,0.007888,0.0004013975585376672,0.00017951044537853496,0.007856,0.0008107280678501269,0.0003625686141959891,468811.2851425858,0.0,0.0,84605.16982769573,2899.3900451907057,1296.646646866521,0.033124999995,0.22113211124087098,0.122804,0.0012225710613293576,0.0005467504000913016,0.559979550543492,0.004350613570958944,0.0019456535376994606,25,5,0.0,0.0,0.0,0.23908800000000002,0.0020813265000955397,0.0009307975075170698,0.238688,0.002425596833771039,0.0010847598812640602,1820628.7934347175,0.0,0.0,0.0,0.0,0.0,0.013124999996,0.22113211124087098,0.259724,0.002178641778723621,0.0009743182231694142,25,5,0.0,0.0,0.0,0.32367999999999997,0.0019356135978030372,0.0008656327165721057,0.32616,0.001723252738283038,0.0007706620530427054,1410268.9159088128,23851.391779078946,10666.666675200033,0.0,0.0,0.0,0.015624999994,0.22113211124087098,0.19205200000000003,0.003158309674493613,0.0014124390252325905,25,5,0.0,0.0,0.0,0.007524,0.00042152105522737617,0.00018850994668717123,0.007216,0.0006533605436510529,0.00029219171788399457,468811.2851425858,0.0,0.0,0.0,0.0,0.0,0.033124999995,0.22113211124087098,0.12315799999999999,0.0017237082119662816,0.0007708657470662444,0.011198578797035877,0.009760508084448732,0.004365031914352725,25,5,0.0272278516,0.0007994588228125328,0.00035752885460415656,0.038616,0.0010596603229337221,0.0004738945030278364,0.037888,0.0008810902337445372,0.0003940355313927929,508613.1116141596,2593.5997526524366,1159.8930706714978,79778.66217069686,2164.351220669136,967.9272913201672,0.0244231250238,0.22080706456261953,0.168344,0.0015857742588401417,0.0007091798079471807,25,5,0.018475092000000002,0.0018050560687640706,0.0008072456145909992,0.03884,0.00050576674465607,0.0002261857643619502,0.038768,0.00153529150326575,0.0006866032333160115,227517.486993959,2.5204656522966648e-11,1.1271865066977382e-11,54913.518700934284,5155.004349716443,2305.388030054613,0.050041250055,0.22080706456261953,0.07536399999999999,0.0005512531179050096,0.00024652788888886157,-2.6092337924492357,0.011321908857711477,0.005063311568179971,25,5,0.0,0.0,0.0,0.245064,0.002230802546170318,0.0009976452275232887,0.244224,0.003760170208913403,0.0016815992388199907,507453.21854348807,0.0,0.0,0.0,0.0,0.0,0.023766250023,0.22080706456261953,0.169604,0.0025301936684767805,0.0011315370077907296,25,5,0.0,0.0,0.0,0.24704800000000002,0.0022900043668080757,0.001024121086590844,0.24855999999999998,0.005580824311873616,0.0024958205063665786,227517.486993959,1.4551915228366852e-11,6.507814330688531e-12,0.0,0.0,0.0,0.050041250055,0.22080706456261953,0.074776,0.0011888145355773514,0.00053165402283816,-1.4435228604853987,0.0115444219588823,0.005162822452200421,25,5
1100,20260805,0.059678576000000004,0.0032481824401569557,0.0014526313479024191,0.025807999999999998,0.0006808230313378065,0.000304473315743761,0.025472,0.001969852786377704,0.0008809449472015836,1820567.9638807469,0.0,0.0,414453.0097964959,23724.21348134345,10609.790811400178,0.013129499995999999,0.2410588866607999,0.253004,0.0020526275843415873,0.0009179629622157944,25,5,0.012296814800000002,0.001647653604791735,0.0007368530927373784,0.050187999999999997,0.0006024284189843659,0.0002694141792853534,0.050671999999999995,0.002401732707859057,0.001074087519711499,999314.530203718,0.0,0.0,88543.66460742007,12506.748804492583,5593.188100871928,0.018129499992,0.2410588866607999,0.133672,0.001116297451399036,0.0004992233968876025,25,5,0.019776962,0.000992076811298148,0.00044367023779277805,0.008268,0.0004989188310737525,0.00022312328430712896,0.008576,0.00029610808837314756,0.00013242356285797461,468805.36691044725,0.0,0.0,76250.41810138721,3522.9982909405617,1575.5327326317354,0.033129499995,0.2410588866607999,0.11997,0.00099619275243297,0.000445510942626548,0.5490674910986948,0.008701766563127853,0.003891548311897719,25,5,0.0,0.0,0.0,0.24043199999999998,0.001362688519068108,0.0006094128321589616,0.242736,0.00787104059194208,0.0035200363634485345,1841890.1197247636,47677.78989406616,21322.155844016885,0.0,0.0,0.0,0.013379499995800001,0.2410588866607999,0.253152,0.001693434380187196,0.0007573268779067586,25,5,0.0,0.0,0.0,0.323732,0.0009492734063482431,0.00042452797316549037,0.32435200000000003,0.0021478174969023884,0.0009605331852674369,1399564.8739187922,0.0,0.0,0.0,0.0,0.0,0.015629499994,0.2410588866607999,0.188328,0.0007384578525549007,0.00033024839136625494,25,5,0.0,0.0,0.0,0.008368,0.0005208838642154306,0.0002329463457536946,0.008496,0.0006359874212592574,0.00028442222135409884,468805.36691044725,0.0,0.0,0.0,0.0,0.0,0.033129499995,0.2410588866607999,0.122058,0.0010712235994413135,0.00047906575749055654,0.006305140224405072,0.00919024568872965,0.004110002817984773,25,5,0.0248467224,0.0012280331522783912,0.0005491931214235666,0.03936,0.0006445153217728803,0.0002882360144048621,0.039791999999999994,0.0013273733461238427,0.0005936194066908538,492737.0194971104,0.0,0.0,72520.77017670815,3604.7048193073915,1612.0730029584847,0.027062775027000004,0.24032788099758817,0.16455999999999998,0.0018132843130629144,0.0008109253973085373,25,5,0.017535824,0.0010769165001298846,0.0004816117000763166,0.039560000000000005,0.0007626270385975041,0.00034105717995667497,0.03947199999999999,0.0014328712433432404,0.0006407995006240257,222066.09566400247,1831.7862929481553,819.1997342568837,52161.09811011022,3396.0938618908126,1518.779346631528,0.050063550054999996,0.24032788099758817,0.073444,0.0013278102274045047,0.0005938147859391853,-2.603636505488862,0.012312183237644042,0.0055061757341611055,25,5,0.0,0.0,0.0,0.24712,0.0025411808278829806,0.0011364506148531075,0.24328000000000002,0.002076150283577753,0.0009284826331170641,492737.0194973835,6.105631439734427e-07,2.730521388961218e-07,0.0,0.0,0.0,0.0264056100262,0.24032788099758817,0.165444,0.0019844092319882055,0.0008874547875807555,25,5,0.0,0.0,0.0,0.247824,0.0023244956442204697,0.0010395460547758272,0.24912,0.0026321094202179135,0.0011771151175649628,220728.34809976714,0.0,0.0,0.0,0.0,0.0,0.050063550054999996,0.24032788099758817,0.07356399999999999,0.0014049483976288925,0.0006283120243955215,-1.4391630384929628,0.010631701992614732,0.004754641674401302,25,5
1200,20260805,0.054765716,0.0024900143973290586,0.001113568291476189,0.028592,0.0007582347921323564,0.0003390929076226743,0.027712000000000004,0.0017200930207404482,0.0007692489843997196,1793798.4509862978,0.0,0.0,384067.03032622574,20623.738256031476,9223.216138129868,0.014383999995000002,0.261052248726663,0.24679199999999998,0.0012391610064878553,0.0005541696491147805,25,5,0.011555478400000001,0.001260262365702,0.0005636064638388742,0.053627999999999995,0.0011598793040657276,0.000518713793917223,0.05152000000000001,0.0017297398648351745,0.0007735631842325496,976432.1258370925,12777.531310220784,5714.285718857125,82272.33225583985,7722.089685960891,3453.423493231711,0.018133999992,0.261052248726663,0.131648,0.0010166218569359986,0.00045464711590419176,25,5,0.019316256599999998,0.0013229505112757624,0.0005916414548161413,0.008704,0.0007527815088058419,0.0003366541251789438,0.008591999999999999,0.0005867878662685522,0.0002624195114697077,448799.44969223655,4.1159031748919956e-11,1.8406878575731415e-11,72564.4434739199,4740.172012439604,2119.869368971387,0.033133999994999996,0.261052248726663,0.11741000000000001,0.0005190375708944362,0.0002321206582792651,0.5542421380220934,0.01309970276878625,0.005858365175209652,25,5,0.0,0.0,0.0,0.24070400000000003,0.002485654843295823,0.0011116186396422094,0.241696,0.003784346707160969,0.0016924112975278834,1804465.1176614978,23851.39177907895,10666.666675200035,0.0,0.0,0.0,0.014383999995000002,0.261052248726663,0.24947999999999998,0.003449376755299429,0.0015426081809714362,25,5,0.0,0.0,0.0,0.32611999999999997,0.0032362014770406433,0.0014472732983096205,0.326144,0.005054392149408271,0.0022603928862036334,1346194.181379793,0.0,0.0,0.0,0.0,0.0,0.015633999994,0.261052248726663,0.18408799999999997,0.000915161187988215,0.00040927252534222254,25,5,0.0,0.0,0.0,0.008792,0.0006853612186285413,0.0003065028547991027,0.008864,0.0008567846870713783,0.0003831657604744974,448799.44969223655,5.0409313045933295e-11,2.2543730133954764e-11,0.0,0.0,0.0,0.033133999994999996,0.261052248726663,0.11748600000000001,0.0019796287530746788,0.0008853168924176255,0.00440556548994559,0.004071073098050094,0.0018206392377221351,25,5,0.0241673524,0.0007742585348130181,0.00034625894320025917,0.04092,0.0007626270385975046,0.00034105717995667524,0.040048,0.0008496587550305131,0.00037997894678521376,486725.32662022964,7934.239306455314,3548.2996877969736,70920.27219509905,2371.935848133508,1060.7619589390283,0.027074925026999996,0.2596236943728547,0.161712,0.0012714243980669886,0.0005685982764659077,25,5,0.016312056,0.0016416739905955743,0.0007341789279730109,0.040824,0.0006448875871033666,0.00028840249652178885,0.04041600000000001,0.00183425189109893,0.0008203023832709498,217065.23265855052,1260.6841722608035,563.7951014666422,48007.89193307699,3931.550221603288,1758.2427104918627,0.052715670058200007,0.2596236943728547,0.072612,0.0012519265154153428,0.0005598785582606289,-2.5978278258275074,0.011367297507891689,0.005083609989621953,25,5,0.0,0.0,0.0,0.245992,0.0009071493813038653,0.00040568953646846393,0.24612800000000004,0.003726059580844094,0.0016663445021963535,483828.15205703647,7934.239306455313,3548.299687796973,0.0,0.0,0.0,0.027074925026999996,0.2596236943728547,0.16071200000000002,0.0008603022724600809,0.00038473887248365724,25,5,0.0,0.0,0.0,0.24855199999999997,0.0015444481214984278,0.0006906981974784677,0.24935999999999997,0.0037403743128195015,0.0016727462449516936,217466.37990583494,398.66333939068886,178.28766540292997,0.0,0.0,0.0,0.050743305055800006,0.2596236943728547,0.07197200000000001,0.0008693215745626037,0.00038877242700582676,-1.436953096975375,0.0077473481655314065,0.0034647194286973036,25,5
1300,20260805,0.05032822120000001,0.0020777966160404637,0.0009292188953771013,0.029624,0.0004978754864421442,0.00022265668640308187,0.030080000000000003,0.0013386560424545214,0.0005986651818838308,1793751.5150575496,0.0,0.0,362623.5793858099,11724.974980710658,5243.568218270663,0.014388499995000002,0.28141054541782384,0.242456,0.0016521743249427456,0.0007388748202503611,25,5,0.0091613492,0.0014318772778891353,0.0006403549857594926,0.055423999999999994,0.0009365254935131253,0.0004188269332313773,0.054608000000000004,0.002190598091846152,0.0009796652489498646,947835.4447270909,12777.531310220887,5714.285718857172,65654.63548593174,9978.470487990016,4462.507664524235,0.018138499992,0.28141054541782384,0.128108,0.0007935489902961227,0.0003548858971556903,25,5,0.0167538992,0.0017565833016535836,0.0007855679341276863,0.008576,0.00037640403823551127,0.00016833300330000662,0.008575999999999999,0.0008166272099311897,0.0003652067907364263,448793.533495691,0.0,0.0,65514.46183201957,6589.883424701781,2947.0854602864597,0.033138499995,0.28141054541782384,0.11322399999999999,0.0005893470963702217,0.00026356403396518704,0.5415823954489898,0.013518365052912576,0.006045596640594012,25,5,0.0,0.0,0.0,0.24110799999999996,0.0015110658489953413,0.0006757691913664031,0.23857599999999998,0.0048850465709141325,0.0021846592411632493,1793751.5150575496,0.0,0.0,0.0,0.0,0.0,0.014388499995000002,0.28141054541782384,0.24203200000000002,0.0012663806694671112,0.0005663426524640306,25,5,0.0,0.0,0.0,0.32484,0.0027188232748746165,0.0012158947322856476,0.325472,0.0037032310216890455,0.0016561352601765407,1346156.8383581475,0.0,0.0,0.0,0.0,0.0,0.015638499994,0.28141054541782384,0.17912,0.0024154916683772664,0.0010802407139151892,25,5,0.0,0.0,0.0,0.008908,0.0004191896945298149,0.00018746733048720756,0.008447999999999999,0.0015935871485425574,0.0007126738384422426,448793.533495691,0.0,0.0,0.0,0.0,0.0,0.033138499995,0.28141054541782384,0.11507799999999999,0.0014575047169735008,0.0006518159249358678,0.011855090304021113,0.012195949879904204,0.005454194596329239,25,5,0.0210012796,0.0011472546805922378,0.0005130678906618104,0.04246,0.0013309395177843347,0.0005952142471413125,0.042864,0.0015485735371625101,0.0006925431394505339,477823.0376603974,0.0,0.0,62270.60622928008,3867.2593258794473,1729.490947857291,0.027087075026999995,0.27884065198158814,0.15699999999999997,0.0019474598840540963,0.0008709305368397636,25,5,0.014834741599999998,0.0008668524962626583,0.00038766822162173727,0.041672,0.0005474668939762474,0.0002448346380723119,0.041952,0.0020942588187709776,0.0009365810162500636,210821.31600932,1295.0845980795877,579.1794395837903,44150.97926782169,2090.529775605269,934.9133374481527,0.053396875058999996,0.27884065198158814,0.069928,0.0011500956481962704,0.0005143384099987087,-2.588083590510862,0.008569761807324255,0.0038325139904316977,25,5,0.0,0.0,0.0,0.247508,0.0015432822165760795,0.0006901767889461333,0.24859199999999998,0.0008571580951026316,0.0003833327536227428,477823.0376603974,0.0,0.0,0.0,0.0,0.0,0.027087075026999995,0.27884065198158814,0.157904,0.0014391247339963194,0.0006435961466634146,25,5,0.0,0.0,0.0,0.249384,0.0016812733269757105,0.0007518882895749838,0.252112,0.0024097136759374535,0.001077656717141409,211979.67488848759,1295.084598079565,579.1794395837802,0.0,0.0,0.0,0.053396875058999996,0.27884065198158814,0.07006799999999999,0.0020206236660991594,0.0009036503748685115,-1.4188148865915564,0.013842323052095545,0.0061904750621996,25,5
1400,20260805,0.0456585916,0.002513812105119792,0.0011242109499419403,0.030732,0.0008018229230946203,0.0003585861123914314,0.032496,0.0017180454010299045,0.0007683332610267507,1713704.6017940652,0.0,0.0,321449.89372119174,15383.915419503774,6879.896127623526,0.014392999994999999,0.30250408900992387,0.236612,0.0010500095237663417,0.00046957853443274416,25,5,0.005938126,0.0007433395657100464,0.00033243155985856706,0.058908,0.00038719504129056413,0.00017315888657530785,0.059312,0.001240129025545326,0.0005546025603979844,931967.1892130071,8321.740527620346,3721.595502174812,42303.00346356937,5394.3975396588785,2412.4479192669737,0.0188929999914,0.30250408900992387,0.12454000000000001,0.0014374282590793807,0.0006428374600161348,25,5,0.0146400252,0.0008108309739851442,0.0003626146352186292,0.008804,0.00018836135484753762,8.423775875461072e-05,0.008752,0.0005264218840435874,0.00023542302351299462,428787.6183125482,0.0,0.0,55134.405453697196,2332.9375962992685,1043.3214105180252,0.033142999995,0.30250408900992387,0.111334,0.0004678995618719928,0.0002092510453976289,0.5302172808164098,0.009205817569251257,0.004116966774661538,25,5,0.0,0.0,0.0,0.24230800000000002,0.0023827966761769586,0.0010656190688984465,0.24203199999999997,0.00419813291833406,0.0018774621167949063,1713704.6017940652,0.0,0.0,0.0,0.0,0.0,0.014392999994999999,0.30250408900992387,0.23746000000000006,0.0015602563891873589,0.0006977678697102605,25,5,0.0,0.0,0.0,0.32494,0.0024686838598735293,0.0011040289851267553,0.324928,0.004247013068027938,0.0018993219842880816,1292786.1780913968,0.0,0.0,0.0,0.0,0.0,0.015642999993999998,0.30250408900992387,0.176612,0.0018298961719179598,0.00081835444643504,25,5,0.0,0.0,0.0,0.008832,0.0003708368913686984,0.00016584329953302291,0.008496,0.0005258136552049594,0.00023515101530718506,428787.6183125482,0.0,0.0,0.0,0.0,0.0,0.033142999995,0.30250408900992387,0.11183200000000001,0.0005216032975355909,0.00023326808611552597,0.00842285565042776,0.012651730438220139,0.005658025858572687,25,5,0.0194931276,0.0016908994332918783,0.0007561932151913021,0.043316,0.0007677760090026272,0.00034335986952467297,0.044128,0.0021185655524434454,0.0009474513180105879,463139.3533685509,0.0,0.0,57513.735178381554,5182.261616966548,2317.5778505450357,0.027099225027,0.29817467814796283,0.153396,0.001110981548001582,0.0004968460526158966,25,5,0.014744543199999998,0.0009171317719625691,0.00041015379728662806,0.043379999999999995,0.0007605261336732622,0.0003401176267117012,0.043359999999999996,0.0011412274094149666,0.0005103724130475697,206097.01224814844,1294.5138464736817,578.9241917059758,43107.36069599046,2505.9067289177824,1120.67555822686,0.053420625059000006,0.29817467814796283,0.069356,0.0008118374221480495,0.0003630647325202464,-2.590452690304212,0.008191042637971482,0.0036631456290206867,25,5,0.0,0.0,0.0,0.249392,0.000709732343915643,0.0003174019533651274,0.248432,0.002107965844125557,0.0009427109843424943,463139.3533685509,0.0,0.0,0.0,0.0,0.0,0.027099225027,0.29817467814796283,0.154936,0.00250724550054438,0.001121274275099544,25,5,0.0,0.0,0.0,0.249084,0.0014800270267802647,0.0006618882080835147,0.252784,0.004964642988171464,0.0022202558411138153,207833.78482326638,1294.5138464736815,578.9241917059757,0.0,0.0,0.0,0.053420625059000006,0.29817467814796283,0.06943600000000001,0.0016613488495797637,0.0007429777924002848,-1.4197234302244763,0.014566587293635311,0.006514375877750648,25,5
1500,20260805,0.04330272080000001,0.0033295041556900325,0.0014889995246981911,0.03282,0.0014037806096395546,0.0006277897737300281,0.033088,0.002506695035300467,0.001121028099558616,1697657.7112945374,35777.08766861832,16000.000012800005,311512.6322915971,24178.510914617993,10812.958799961289,0.014397499995000002,0.3247371943839713,0.22842400000000002,0.002016253952258987,0.0009016961794307421,25,5,0.0046175700000000005,0.0012937599193459351,0.0005785870252444312,0.062332,0.0009336594668293198,0.00041754520713331377,0.061343999999999996,0.002222359106895191,0.0009938692066866737,908262.2018985718,0.0,0.0,32876.20852818824,8249.179431494762,3689.145193483071,0.019397499991,0.3247371943839713,0.12127600000000001,0.0007440967679005175,0.0003327701909726881,25,5,0.012760401,0.0010665857214160043,0.00047699163538336773,0.009555999999999999,0.00037453971752005174,0.00016749925372968092,0.009423999999999998,0.0006582400777831747,0.0002943739118875855,412781.70414734556,8944.271911788,4000.0000007999943,47583.27440388933,3658.1155445626346,1635.9590054381424,0.033147499994999996,0.3247371943839713,0.10766800000000001,0.001167655771192864,0.0005221915357414369,0.5257213938550164,0.009981449563399723,0.004463839947549475,25,5,0.0,0.0,0.0,0.24252800000000002,0.0024658304889022585,0.0011027529188353982,0.24278400000000003,0.0031345302678392013,0.0014018045512838152,1713657.711307338,0.0,0.0,0.0,0.0,0.0,0.014397499995000002,0.3247371943839713,0.23238799999999998,0.0020389507105371624,0.0009118464783065183,25,5,0.0,0.0,0.0,0.326452,0.0018535695293136333,0.0008289414937135145,0.32873600000000003,0.004691916452794109,0.002098288826639462,1271415.5339706913,29211.86975697832,13063.945305294757,0.0,0.0,0.0,0.015647499994,0.3247371943839713,0.17319199999999998,0.002138625726956447,0.000956422500780904,25,5,0.0,0.0,0.0,0.009136,0.00044707941129065764,0.0001999399909972995,0.00864,0.0009173875952943772,0.0004102682049586587,428781.7041505455,0.0,0.0,0.0,0.0,0.0,0.033147499994999996,0.3247371943839713,0.10925399999999999,0.0009973615192095527,0.00044603363101900444,0.010605384939276433,0.00674397796388245,0.003015998633200356,25,5,0.018764473999999996,0.001160984551332187,0.0005192080755211728,0.044716,0.0005884556058021712,0.00026316534726289486,0.044464000000000004,0.001433764276302072,0.0006411988771044448,448468.60575217457,0.0,0.0,54779.72023131987,3283.509315611404,1468.430006892182,0.027111375027,0.31786929287225685,0.150036,0.001450889382413427,0.0006488574573818221,25,5,0.0116434012,0.0015077684041971428,0.0006742945292222381,0.044876,0.0014279635849698677,0.0006386047290773842,0.044208,0.002036153235883782,0.00091059540960846,201666.20529538713,1367.6607391646035,611.6364765859324,35088.91322368052,3918.517100741116,1752.4141216505052,0.0547610250606,0.31786929287225685,0.06595999999999999,0.0015787970103848044,0.0007060594875787728,-2.565539173885921,0.010963174840604524,0.004902880838561427,25,5,0.0,0.0,0.0,0.24979199999999996,0.0022858958856430793,0.0010222837179570021,0.248608,0.003798357539779521,0.001698677132359174,448468.60575217457,0.0,0.0,0.0,0.0,0.0,0.027111375027,0.31786929287225685,0.15193600000000002,0.0021930526669462426,0.0009807629683058008,25,5,0.0,0.0,0.0,0.24897199999999997,0.0019873399306610745,0.0008887654358715762,0.250128,0.005394100481081153,0.002412315070632355,202244.87446409473,1263.2528206167535,564.9438359334818,0.0,0.0,0.0,0.0547610250606,0.31786929287225685,0.066804,0.0017445572504220064,0.0007801897205167459,-1.414934190340617,0.005257773027068274,0.0023513475797579003,25,5
1600,20260805,0.0408439552,0.002010569683782484,0.000899154097287578,0.034564000000000004,0.0006317277894789819,0.00028251725611013595,0.034048,0.0014495240598210177,0.0006482468665562534,1633610.8434528764,2.3283064365386963e-10,1.041250292910165e-10,289961.09917867,10247.448554558969,4582.798312785163,0.014401999995000001,0.3484836472347489,0.221828,0.0023946857831456734,0.0010709360391732091,25,5,0.0019529807999999998,0.0010852834249601346,0.00048535350261293055,0.065196,0.000755036422962496,0.00033766255344648484,0.066608,0.0021634047240403262,0.0009675040051596686,886018.7003983671,0.0,0.0,14629.23640170914,7780.493368629594,3479.5424141484204,0.019401999991,0.3484836472347489,0.11821999999999999,0.002420826305210678,0.0010826264360341458,25,5,0.011009655400000002,0.0009129861537522349,0.00040829982046121436,0.009608,0.0004750999894759004,0.0002124711745155096,0.009824000000000001,0.00109748804093712,0.0004908115728056944,400775.7909998209,10954.451152294196,4898.9794865461445,41413.974911439705,3474.696312483836,1553.9314311763417,0.033151999995,0.3484836472347489,0.104376,0.0011135887930470649,0.0004980120480470364,0.5202404827847597,0.006095118574880906,0.0027258198928710696,25,5,0.0,0.0,0.0,0.244976,0.0018357232906949677,0.0008209604131747109,0.24809599999999996,0.004208714768192309,0.0018821944639170543,1681610.8434912767,43817.804635467546,19595.917957942165,0.0,0.0,0.0,0.014401999995000001,0.3484836472347489,0.227136,0.0021264712553900164,0.0009509868558502785,25,5,0.0,0.0,0.0,0.32655199999999995,0.002194155874134742,0.0009812563375591512,0.324592,0.008685362398886993,0.0038842121466263918,1246679.5206965285,16326.161559502623,7301.281411738369,0.0,0.0,0.0,0.015901999993799997,0.3484836472347489,0.168704,0.0017829974761619856,0.0007973807120817521,25,5,0.0,0.0,0.0,0.009164,0.00031445190411253656,0.00014062716664997547,0.009312,0.0006918959459340692,0.0003094252736930196,408775.79100142093,5.820766091346741e-11,2.6031257322754125e-11,0.0,0.0,0.0,0.033151999995,0.3484836472347489,0.107446,0.0006303411774586731,0.00028189714436297023,0.009639206172914206,0.011677813716350138,0.005222477059667671,25,5,0.016191597999999998,0.001258987000017871,0.0005630361029656976,0.046472,0.0009248351204403916,0.0004135988394567842,0.047007999999999994,0.0017514336984310907,0.0007832649615551571,433810.7777225178,0.0,0.0,46967.160419214866,4108.236859219117,1837.2593769768357,0.027123525027000002,0.33819950693005485,0.14528000000000002,0.0013786950351691238,0.0006165711637759248,25,5,0.011479494,0.0006326531126170169,0.00028293107319769594,0.046416000000000006,0.0013627472252769406,0.0006094390863736918,0.045024,0.000540814200996975,0.0002418594633252941,195865.5661407378,1386.046367098293,619.8587793596822,34474.296886956974,1544.887366803038,690.894633950449,0.05676120006299999,0.33819950693005485,0.06443199999999999,0.0013615873089890364,0.0006089203560400992,-2.5719304573660517,0.01362273828643727,0.006092273769632547,25,5,0.0,0.0,0.0,0.24979199999999996,0.0027781504638877976,0.001242426657795138,0.250336,0.003242418850179589,0.0014500537921056534,442486.99327689287,7920.264954847385,3542.0501677696107,0.0,0.0,0.0,0.027123525027000002,0.33819950693005485,0.14816400000000002,0.0008497529052612946,0.00038002105204843866,25,5,0.0,0.0,0.0,0.25092400000000004,0.0014055176982165757,0.0006285666233582596,0.249648,0.004421619612766347,0.0019774084049583697,197962.3182330451,1293.3738511349056,578.4143702916684,0.0,0.0,0.0,0.05676120006299999,0.33819950693005485,0.065432,0.0007931708517085127,0.0003547167884383279,-1.4195804026305279,0.014675498118439842,0.006563082279300349,25,5
1700,20260805,0.036121087600000004,0.00237852457327874,0.0010637085264009884,0.036924,0.0009318154323684467,0.00041672052985184093,0.03656,0.0019497692171126279,0.0008719633019800764,1553563.9982782076,0.0,0.0,253795.75771834058,21298.559502094697,9525.005373901562,0.014406499994999999,0.37401165459306507,0.21336,0.001117765628385487,0.0004998799855965435,25,5,0.0018054940000000002,0.0005027813015815127,0.00022485063363041698,0.068804,0.0007039034024637241,0.000314795171500456,0.06712,0.0016316862443496937,0.0007297122720634494,863775.2058374288,0.0,0.0,13460.691073158028,4324.565367383941,1934.0044269223686,0.019406499990999998,0.37401165459306507,0.115368,0.001448350786239305,0.0006477221626592705,25,5,0.0088129606,0.0007946164880319938,0.0003553632966563372,0.010072000000000001,0.00021475567512873814,9.604165762834387e-05,0.009648,0.0006237948380677735,0.000278969532386603,390103.2122025119,2981.423970595948,1333.3333335999748,33367.098449640005,2952.6588358416006,1320.4691742614423,0.033156499995,0.37401165459306507,0.100436,0.0006067783779931539,0.0002713595400939509,0.5065124351742407,0.010158374521685592,0.004542963194278179,25,5,0.0,0.0,0.0,0.24487199999999998,0.0010614706778804576,0.0004747041183726971,0.245936,0.0038217901564580993,0.0017091565171159734,1633563.9983422076,1.6463612699567982e-10,7.362751430292566e-11,0.0,0.0,0.0,0.014406499994999999,0.37401165459306507,0.22132800000000002,0.0009900101009585704,0.0004427459768309586,25,5,0.0,0.0,0.0,0.32832799999999995,0.0024412128133368418,0.0010917435596329366,0.3276,0.002718234721285156,0.0012156315231187606,1221313.518655104,13014.849291886338,5820.417546714571,0.0,0.0,0.0,0.0166564999932,0.37401165459306507,0.16555599999999998,0.002158675519850084,0.0009653890407498969,25,5,0.0,0.0,0.0,0.009644,0.00024265201420964943,0.0001085172797300042,0.009664,0.0005348644688142969,0.00023919866220361682,408769.8788729119,5.820766091346741e-11,2.6031257322754125e-11,0.0,0.0,0.0,0.033156499995,0.37401165459306507,0.105156,0.0010871890360006297,0.0004862057177779748,0.010051006244532444,0.009569909444514394,0.004279793611290287,25,5,0.014907215999999997,0.00157254752990935,0.0007032646349453381,0.048072000000000004,0.002058620897591395,0.0009206432533831984,0.048032,0.0020796922849306365,0.000930066664277353,422779.3509462189,3.9419133049798027e-07,1.7628772222691398e-07,43528.092479039784,4792.6557889978,2143.3408273913938,0.029771295030199995,0.3594407562209937,0.14079599999999998,0.0008081336523125338,0.0003614083562952011,25,5,0.009219830799999999,0.0010141668126620981,0.00045354918672734916,0.048768,0.0004351091817004084,0.00019458674158328413,0.050272000000000004,0.0015248344172401147,0.0006819266822760347,189827.71601543511,1796.0019358828574,803.1964832710576,27330.523513766162,2815.9884622001914,1259.3483250669449,0.0574453050638,0.3594407562209937,0.063088,0.0017737869094116066,0.0007932616214087227,-2.5497806825179574,0.01413451923479247,0.006321149167654854,25,5,0.0,0.0,0.0,0.252108,0.0019899045203225175,0.0008899123552350522,0.25361599999999995,0.004666613333028582,0.0020869729274717547,433619.84712495375,0.0,0.0,0.0,0.0,0.0,0.027135675027,0.3594407562209937,0.145128,0.0008146901251396196,0.0003643405000819999,25,5,0.0,0.0,0.0,0.251656,0.00238987028936719,0.0010687824848864258,0.252544,0.004285193111167802,0.0019163966186570036,193755.80168937295,1385.4363346262926,619.5859645445072,0.0,0.0,0.0,0.056786400062999995,0.3594407562209937,0.064528,0.0005801034390520332,0.00025943014474035046,-1.406286387976044,0.010226602002929236,0.004573475451477055,25,5
1800,20260805,0.030300890400000002,0.0006381148904365092,0.000285373654494173,0.03982,0.0003478505426185204,0.00015556349186103985,0.040384,0.0004976745924798663,0.00022256684389189733,1473517.1757668722,0.0,0.0,207757.01599140366,4896.161127136919,2189.629821814028,0.014410999995000002,0.40142203349065414,0.205036,0.0016522953731097838,0.0007389289546363708,25,5,0.0005318564000000001,0.0006967662036858562,0.00031160331917320775,0.0727,0.0004558508528016606,0.0002038626988931527,0.07294400000000001,0.0027790070169037085,0.0012428097199491197,834933.1671146613,8822.478765292897,3945.5324498486657,3597.1028211458915,4209.278373053229,1882.446515673348,0.0199109999906,0.40142203349065414,0.112056,0.0016596023620132601,0.0007421967394161728,25,5,0.0056330488,0.0011072981217076089,0.0004951987742992098,0.010620000000000001,0.000530282943342513,0.0002371497417245057,0.010575999999999999,0.0011722115849964975,0.0005242289576129882,373343.5040583975,7302.9674348628305,3265.986324364111,21064.39477358699,4167.425349524721,1863.7292745386194,0.038160999994,0.40142203349065414,0.096902,0.0011327267984823175,0.0005065708242684335,0.4856989055417382,0.009994346132951356,0.004469607468788276,25,5,0.0,0.0,0.0,0.24435599999999996,0.0029333393939331314,0.0013118292571825032,0.24655999999999997,0.005633045357530863,0.002519174467955723,1601517.1758692723,43817.804635467546,19595.917957942165,0.0,0.0,0.0,0.014410999995000002,0.40142203349065414,0.21758000000000002,0.001313240267430159,0.0005872989017527677,25,5,0.0,0.0,0.0,0.327768,0.002211180680089263,0.0009888700622427617,0.327056,0.003536054298225657,0.0015813715565925765,1222490.586576546,0.0,0.0,0.0,0.0,0.0,0.016910999993,0.40142203349065414,0.162612,0.0008288063706318902,0.0003706534769835583,25,5,0.0,0.0,0.0,0.009976,0.0004661330282226308,0.00020846102753272608,0.011088,0.0009061567193372243,0.0004052456045412463,388763.96775675646,0.0,0.0,0.0,0.0,0.0,0.033160999995,0.40142203349065414,0.102956,0.001755571132139046,0.0007851152781598345,0.0060685281051449744,0.0061821521358020595,0.002764742484579783,25,5,0.012649292000000001,0.002201243887347334,0.0009844261934329056,0.05064399999999999,0.001345615100985416,0.0006017773674707269,0.050768,0.002953289691174913,0.0013207513013432932,411757.6302931023,0.0,0.0,36931.5549867629,6452.176185755595,2885.500910830964,0.030443800030999994,0.3818277629873692,0.13788799999999996,0.001081628401993951,0.0004837189266505887,25,5,0.009429664799999998,0.0006670673377127678,0.00029832158253911156,0.049284,0.0006636866730619173,0.0002968097033454251,0.049536000000000004,0.0020795384103209054,0.000929997849459879,185163.45448873387,0.0,0.0,28029.728881259507,2014.5609881446273,900.9390628621069,0.060107575067,0.3818277629873692,0.061475999999999996,0.0014000999964288187,0.0006261437534624102,-2.553010423596011,0.00772734057079322,0.003455771760317133,25,5,0.0,0.0,0.0,0.25114000000000003,0.00208,0.0009302042786399124,0.250096,0.0016505998909487382,0.0007381707119630236,422593.35740600305,0.0,0.0,0.0,0.0,0.0,0.030443800030999994,0.3818277629873692,0.141508,0.0015298104457742386,0.0006841520298880906,25,5,0.0,0.0,0.0,0.251008,0.0013920201147972241,0.0006225303205467308,0.251888,0.002624560915658088,0.0011737393237001154,189863.18554245692,248.86563974142405,111.29609754515947,0.0,0.0,0.0,0.0581299900646,0.3818277629873692,0.063308,0.001296965689600152,0.0005800206892861663,-1.4089563881645795,0.00986220662038088,0.004410512882264022,25,5
1900,20260805,0.026157600399999998,0.00315834764950865,0.0014124560081756044,0.042744000000000004,0.0011206605195151638,0.0005011746202672272,0.04311999999999999,0.0029507965026412805,0.0013196363135349082,1452599.7853636418,0.0,0.0,189370.90951922018,20599.83866997925,9212.527918320491,0.015665499994,0.4306193608224279,0.19697599999999998,0.000802421335708363,0.0003588537306480158,25,5,3.1032e-05,5.114242536290198e-05,2.2871587929131633e-05,0.078884,0.0005623877665810238,0.00025150745515789075,0.077456,0.0018290106615326206,0.0008179584341517598,810350.4988242934,7950.463926359588,3555.555558399984,252.4444446464,416.6225165126979,186.31925357588423,0.02066549999,0.4306193608224279,0.1076,0.0011050791826833013,0.0004942064345999541,25,5,0.0030968459999999995,0.0013966541743635034,0.0006246027349871275,0.011347999999999999,0.0003348432469081611,0.0001497464523786789,0.01216,0.00044899888641287354,0.00020079840636817836,354672.53398958605,5962.847941192026,2666.666667200008,11621.242803553925,5431.887780989345,2429.214064888533,0.038165499994,0.4306193608224279,0.09239599999999999,0.0008956450189667831,0.0004005446292237631,0.47415312918495933,0.018628814263250595,0.008331059006569198,25,5,0.0,0.0,0.0,0.24375200000000002,0.0016045934064428868,0.0007175959866108487,0.244528,0.004355998163452333,0.0019480616006687312,1553470.3760304283,0.0,0.0,0.0,0.0,0.0,0.014415499995,0.4306193608224279,0.21388000000000001,0.0022767520725805843,0.0010181944804407443,25,5,0.0,0.0,0.0,0.32876000000000005,0.0008863407922464134,0.0003963836525387998,0.330256,0.006053468427273727,0.002707193380606559,1184365.0029943292,0.0,0.0,0.0,0.0,0.0,0.016915499993,0.4306193608224279,0.15798399999999999,0.0013459123299829076,0.0006019102923193819,25,5,0.0,0.0,0.0,0.009876,0.00041361818141856364,0.00018497567407634973,0.009839999999999998,0.00078587530817554,0.0003514541221838207,386706.74346170865,8376.947036110092,3746.28460333151,0.0,0.0,0.0,0.0361654999944,0.4306193608224279,0.10058199999999999,0.000692762585594804,0.00030981284673169964,0.006460166187771113,0.007533062216153972,0.0033688878388110992,25,5,0.012577169600000002,0.0010464486086945706,0.0004679860448002274,0.051792000000000005,0.00045488460075056113,0.0002034305778392213,0.050064,0.0014885160395508024,0.0006656846100068719,400745.6029583891,0.0,0.0,37184.23261274552,3467.394160275109,1550.6658094321888,0.030457400030999997,0.4055132535438114,0.13198400000000002,0.0016405730706067312,0.0007336865815864425,25,5,0.007485267200000001,0.0005933286310091561,0.00026534463038667254,0.05272800000000001,0.0009122061170590824,0.00040795097744704775,0.052992000000000004,0.001443994459823172,0.0006457739542595403,177748.12479499204,1116.3276308182649,499.23689353418587,22124.956086427974,1984.6748182140018,887.5735613517091,0.061453195068599996,0.4055132535438114,0.05949600000000001,0.0014072242180974597,0.0006293298022499819,-2.534594171720408,0.006372581231882336,0.0028499049653256505,25,5,0.0,0.0,0.0,0.253376,0.001342862613970595,0.0006005464178562618,0.252208,0.0037802010528541962,0.0016905573045596515,415908.9500972464,5932.362339452529,2653.0330916351077,0.0,0.0,0.0,0.030457400030999997,0.4055132535438114,0.137648,0.0008799545442805554,0.0003935276356242341,25,5,0.0,0.0,0.0,0.25311199999999995,0.0022947592466313017,0.0010262475334927592,0.25438399999999994,0.0025212060605987875,0.0011275176273566685,185082.03125433615,0.0,0.0,0.0,0.0,0.0,0.060134225067,0.4055132535438114,0.061751999999999994,0.001520960223017022,0.0006801940899478602,-1.3926779505751177,0.006923435577359647,0.003096254517763335,25,5
2000,20260805,0.022667951600000003,0.0014918476493297832,0.0006671745511949328,0.045984000000000004,0.0005691045598130465,0.00025451129640941336,0.045408000000000004,0.0015363332971721961,0.0006870691377146832,1399229.2216631316,0.0,0.0,163657.2876808803,13052.605730623822,5837.302739435634,0.015669999994,0.461322793180006,0.188716,0.001551798956050687,0.0006939855906285089,25,5,0.0,0.0,0.0,0.08462800000000001,0.0009291501493300244,0.00041552857904120303,0.08454399999999998,0.0025533664053558804,0.0011419001707680062,778332.3293109646,1.4257906835893972e-10,6.376329780383572e-11,0.0,0.0,0.0,0.02066999999,0.461322793180006,0.10196399999999999,0.0008850310729008232,0.0003957979282411625,25,5,0.0022225091999999998,0.0009738272027796822,0.0004355087647507683,0.011952,0.0004887944353202075,0.0002185955168799216,0.011775999999999998,0.0006774068201605298,0.00030294553966018394,338668.23121915665,0.0,0.0,8283.119659260523,3728.231913304873,1667.3159988067598,0.038169999993999996,0.461322793180006,0.08746999999999999,0.0004008116764766212,0.00017924843095547567,0.47068454223817546,0.010830060424606361,0.004843350261970011,25,5,0.0,0.0,0.0,0.245024,0.0005028717530345112,0.0002248910847499306,0.24436799999999997,0.005034473160123118,0.002251484843386695,1521423.5988348487,43817.80463546767,19595.91795794222,0.0,0.0,0.0,0.014419999994999998,0.461322793180006,0.207532,0.0022142086622538473,0.000990224217033695,25,5,0.0,0.0,0.0,0.328488,0.002430292163506291,0.00108685969655702,0.32663999999999993,0.003069853416695977,0.0013728801841384386,1146239.4312288784,0.0,0.0,0.0,0.0,0.0,0.016919999993,0.461322793180006,0.15577999999999997,0.0011161541112229894,0.0004991592932120931,25,5,0.0,0.0,0.0,0.010363999999999998,0.0005472476587432783,0.00024473659309551547,0.011199999999999998,0.0012172099243762356,0.0005443528267585282,378668.2312271567,0.0,0.0,0.0,0.0,0.0,0.038169999993999996,0.461322793180006,0.09779,0.0007753063910480788,0.0003467275587547077,0.0024727965251632117,0.00552934112479021,0.0024727965251632113,25,5,0.009059165599999999,0.0005306017019335685,0.00023729229490010814,0.054728,0.000684777336073561,0.0003062417345823403,0.054672,0.0009008440486565914,0.0004028697059844533,378917.05460006965,0.0,0.0,26552.91630968246,1911.5812948169491,854.8851439455528,0.030471000031,0.43053765742807604,0.126824,0.0014881800966280961,0.0006655343717645257,25,5,0.006535845600000001,0.00024112298478328487,0.00010783347698261447,0.05469999999999999,0.0015360338537935957,0.0006869352225646906,0.053408,0.003130546278207686,0.0014000228569562708,170785.09859548736,886.0489327198198,396.25312899053097,19472.00926681541,691.4260237616861,309.215118108703,0.06345975007099999,0.43053765742807604,0.056791999999999995,0.0014151042364433776,0.0006328538535870655,-2.52255126514155,0.0025939217601043583,0.0011600370767818494,25,5,0.0,0.0,0.0,0.253372,0.0026095440214719554,0.0011670235644578926,0.25508800000000004,0.004516494215650005,0.002019837617235601,404899.93834387755,5929.7548064657585,2651.866967432709,0.0,0.0,0.0,0.030471000031,0.43053765742807604,0.13460400000000003,0.0009448174426840427,0.00042253520563380613,25,5,0.0,0.0,0.0,0.253528,0.0022160144403861374,0.0009910317855649116,0.254672,0.004737796956392288,0.0021188072116169526,181434.40143717662,1220.8318719194303,545.9726109420326,0.0,0.0,0.0,0.060160875067,0.43053765742807604,0.060452000000000006,0.0009827105372387155,0.0004394815126942212,-1.3934942813981162,0.011374301173707045,0.005086742124192919,25,5
