hour,global_seed,R_sk-BB84,R_sk_std-BB84,R_sk_sem-BB84,QBER_total-BB84,QBER_total_std-BB84,QBER_total_sem-BB84,QBER_est-BB84,QBER_est_std-BB84,QBER_est_sem-BB84,Throughputs-BB84,Throughputs_std-BB84,Throughputs_sem-BB84,Throughput_final-BB84,Throughput_final_std-BB84,Throughput_final_sem-BB84,Latency-BB84,Loss-BB84,R_s-BB84,R_s_std-BB84,R_s_sem-BB84,N_keys-BB84,N_replicas-BB84,R_sk-B92,R_sk_std-B92,R_sk_sem-B92,QBER_total-B92,QBER_total_std-B92,QBER_total_sem-B92,QBER_est-B92,QBER_est_std-B92,QBER_est_sem-B92,Throughputs-B92,Throughputs_std-B92,Throughputs_sem-B92,Throughput_final-B92,Throughput_final_std-B92,Throughput_final_sem-B92,Latency-B92,Loss-B92,R_s-B92,R_s_std-B92,R_s_sem-B92,N_keys-B92,N_replicas-B92,R_sk-COW,R_sk_std-COW,R_sk_sem-COW,QBER_total-COW,QBER_total_std-COW,QBER_total_sem-COW,QBER_est-COW,QBER_est_std-COW,QBER_est_sem-COW,Throughputs-COW,Throughputs_std-COW,Throughputs_sem-COW,Throughput_final-COW,Throughput_final_std-COW,Throughput_final_sem-COW,Latency-COW,Loss-COW,R_s-COW,R_s_std-COW,R_s_sem-COW,Visibility-COW,Visibility_std-COW,Visibility_sem-COW,N_keys-COW,N_replicas-COW,R_sk-BB84+Eve,R_sk_std-BB84+Eve,R_sk_sem-BB84+Eve,QBER_total-BB84+Eve,QBER_total_std-BB84+Eve,QBER_total_sem-BB84+Eve,QBER_est-BB84+Eve,QBER_est_std-BB84+Eve,QBER_est_sem-BB84+Eve,Throughputs-BB84+Eve,Throughputs_std-BB84+Eve,Throughputs_sem-BB84+Eve,Throughput_final-BB84+Eve,Throughput_final_std-BB84+Eve,Throughput_final_sem-BB84+Eve,Latency-BB84+Eve,Loss-BB84+Eve,R_s-BB84+Eve,R_s_std-BB84+Eve,R_s_sem-BB84+Eve,N_keys-BB84+Eve,N_replicas-BB84+Eve,R_sk-B92+Eve,R_sk_std-B92+Eve,R_sk_sem-B92+Eve,QBER_total-B92+Eve,QBER_total_std-B92+Eve,QBER_total_sem-B92+Eve,QBER_est-B92+Eve,QBER_est_std-B92+Eve,QBER_est_sem-B92+Eve,Throughputs-B92+Eve,Throughputs_std-B92+Eve,Throughputs_sem-B92+Eve,Throughput_final-B92+Eve,Throughput_final_std-B92+Eve,Throughput_final_sem-B92+Eve,Latency-B92+Eve,Loss-B92+Eve,R_s-B92+Eve,R_s_std-B92+Eve,R_s_sem-B92+Eve,N_keys-B92+Eve,N_replicas-B92+Eve,R_sk-COW+Eve,R_sk_std-COW+Eve,R_sk_sem-COW+Eve,QBER_total-COW+Eve,QBER_total_std-COW+Eve,QBER_total_sem-COW+Eve,QBER_est-COW+Eve,QBER_est_std-COW+Eve,QBER_est_sem-COW+Eve,Throughputs-COW+Eve,Throughputs_std-COW+Eve,Throughputs_sem-COW+Eve,Throughput_final-COW+Eve,Throughput_final_std-COW+Eve,Throughput_final_sem-COW+Eve,Latency-COW+Eve,Loss-COW+Eve,R_s-COW+Eve,R_s_std-COW+Eve,R_s_sem-COW+Eve,Visibility-COW+Eve,Visibility_std-COW+Eve,Visibility_sem-COW+Eve,N_keys-COW+Eve,N_replicas-COW+Eve,R_sk-BBM92,R_sk_std-BBM92,R_sk_sem-BBM92,QBER_total-BBM92,QBER_total_std-BBM92,QBER_total_sem-BBM92,QBER_est-BBM92,QBER_est_std-BBM92,QBER_est_sem-BBM92,Throughputs-BBM92,Throughputs_std-BBM92,Throughputs_sem-BBM92,Throughput_final-BBM92,Throughput_final_std-BBM92,Throughput_final_sem-BBM92,Latency-BBM92,Loss-BBM92,R_s-BBM92,R_s_std-BBM92,R_s_sem-BBM92,N_keys-BBM92,N_replicas-BBM92,R_sk-E91,R_sk_std-E91,R_sk_sem-E91,QBER_total-E91,QBER_total_std-E91,QBER_total_sem-E91,QBER_est-E91,QBER_est_std-E91,QBER_est_sem-E91,Throughputs-E91,Throughputs_std-E91,Throughputs_sem-E91,Throughput_final-E91,Throughput_final_std-E91,Throughput_final_sem-E91,Latency-E91,Loss-E91,R_s-E91,R_s_std-E91,R_s_sem-E91,CHSH_S-E91,CHSH_S_std-E91,CHSH_S_sem-E91,N_keys-E91,N_replicas-E91,R_sk-BBM92+Eve,R_sk_std-BBM92+Eve,R_sk_sem-BBM92+Eve,QBER_total-BBM92+Eve,QBER_total_std-BBM92+Eve,QBER_total_sem-BBM92+Eve,QBER_est-BBM92+Eve,QBER_est_std-BBM92+Eve,QBER_est_sem-BBM92+Eve,Throughputs-BBM92+Eve,Throughputs_std-BBM92+Eve,Throughputs_sem-BBM92+Eve,Throughput_final-BBM92+Eve,Throughput_final_std-BBM92+Eve,Throughput_final_sem-BBM92+Eve,Latency-BBM92+Eve,Loss-BBM92+Eve,R_s-BBM92+Eve,R_s_std-BBM92+Eve,R_s_sem-BBM92+Eve,N_keys-BBM92+Eve,N_replicas-BBM92+Eve,R_sk-E91+Eve,R_sk_std-E91+Eve,R_sk_sem-E91+Eve,QBER_total-E91+Eve,QBER_total_std-E91+Eve,QBER_total_sem-E91+Eve,QBER_est-E91+Eve,QBER_est_std-E91+Eve,QBER_est_sem-E91+Eve,Throughputs-E91+Eve,Throughputs_std-E91+Eve,Throughputs_sem-E91+Eve,Throughput_final-E91+Eve,Throughput_final_std-E91+Eve,Throughput_final_sem-E91+Eve,Latency-E91+Eve,Loss-E91+Eve,R_s-E91+Eve,R_s_std-E91+Eve,R_s_sem-E91+Eve,CHSH_S-E91+Eve,CHSH_S_std-E91+Eve,CHSH_S_sem-E91+Eve,N_keys-E91+Eve,N_replicas-E91+Eve
0,20260805,0.11670065999999998,0.0003532712668757503,0.00015798771344632947,4.000000000000001e-06,8.94427190999916e-06,4.000000000000001e-06,0.0,0.0,0.0,1954144.81701459,0.0,0.0,806209.9308266283,0.0,0.0,0.013111499996,0.1597065680820472,0.272984,0.0008263655365514725,0.0003695619027984359,25,5,0.057954689999999996,0.0009693019036915203,0.0004334849894748387,1.6000000000000003e-05,2.1908902300206645e-05,9.797958971132712e-06,3.2000000000000005e-05,4.381780460041329e-05,1.9595917942265424e-05,1027987.0946133735,0.0,0.0,425511.434258564,509.0127698362966,227.63743095388273,0.018111499992,0.1597065680820472,0.13569199999999998,0.0021036919926643183,0.0009407996598638809,25,5,0.08435206860000001,0.0010085906046594431,0.00045105543069722616,0.0,0.0,0.0,0.0,0.0,0.0,489800.8245088869,14907.119852980002,6666.666667999991,306949.13852521614,8325.5688990395,3723.3076019220807,0.028111499996,0.1597065680820472,0.131298,0.0011776969049802136,0.0005266820672853737,0.976240658371478,0.004145549561659379,0.0018539461247929652,25,5,0.0,0.0,0.0,0.224492,0.0013282017918976243,0.0005939898989040234,0.22198400000000001,0.0027927907189762738,0.001248973978912292,1954144.81701459,0.0,0.0,0.0,0.0,0.0,0.013111499996,0.1597065680820472,0.27204,0.0012683847996566467,0.0005672389267319428,25,5,0.0,0.0,0.0,0.30798000000000003,0.002089641117512727,0.0009345159174674167,0.309184,0.004141651844373189,0.001852203012631166,1453047.8055698175,0.0,0.0,0.0,0.0,0.0,0.015611499994,0.1597065680820472,0.19867200000000002,0.0022276265396156568,0.0009962248742126473,25,5,0.0,0.0,0.0,4.000000000000001e-06,8.94427190999916e-06,4.000000000000001e-06,0.0,0.0,0.0,516467.49118088686,0.0,0.0,0.0,0.0,0.0,0.028111499996,0.1597065680820472,0.132146,0.0006204675656309579,0.0002774815309169268,0.011552262746413945,0.01021718678357805,0.00456926483737859,25,5,0.07499033999999999,0.00038071029241406023,0.00017025881871433223,8.000000000000001e-06,1.0954451150103323e-05,4.898979485566356e-06,0.0,0.0,0.0,528451.2560838609,0.0,0.0,218492.1624821385,2.9103830456733704e-11,1.3015628661377062e-11,0.023734150023,0.159878422950533,0.17541599999999996,0.0008905503916118418,0.00039826624260662737,25,5,0.054829064399999995,0.002301020328467088,0.0010290475744122608,1.6000000000000003e-05,1.6733200530681514e-05,7.483314773547884e-06,0.0,0.0,0.0,238428.4513383819,0.0,0.0,163818.65592113245,6108.843167976143,2731.9577174959645,0.046694325051,0.159878422950533,0.078456,0.0008292647345691223,0.00037085846356797546,-2.824722137978209,0.018544420624491284,0.008293317023942322,25,5,0.0,0.0,0.0,0.226724,0.0008479858489385309,0.00037923080043688457,0.22377600000000003,0.0034573515875594807,0.0015461746343799628,528451.2560838609,0.0,0.0,0.0,0.0,0.0,0.023734150023,0.159878422950533,0.17776799999999998,0.0018412821619730121,0.0008234464159858866,25,5,0.0,0.0,0.0,0.227224,0.000529225849708794,0.00023667699507979014,0.22849599999999998,0.0038184394718261475,0.0017076580453943317,238428.4513383819,0.0,0.0,0.0,0.0,0.0,0.046694325051,0.159878422950533,0.079188,0.000993639773761097,0.0004443692158554649,-1.5594776424531187,0.010692952921266942,0.0047820339224315675,25,5
1,20260805,0.11765498,0.0009090555583956297,0.0004065420047793315,4.000000000000001e-06,8.944271909999161e-06,4.000000000000001e-06,1.6000000000000003e-05,3.5777087639996646e-05,1.6000000000000003e-05,1954144.81701459,0.0,0.0,806057.3929781282,341.08499838797945,152.53784850018565,0.013111499996,0.1597065680820472,0.275344,0.0022075053793818864,0.000987226417798872,25,5,0.05772775,0.0008081567159282873,0.0003614186706577275,8.000000000000001e-06,1.0954451150103324e-05,4.898979485566357e-06,3.2000000000000005e-05,4.38178046004133e-05,1.9595917942265427e-05,1027987.0946133735,0.0,0.0,425393.2899065778,625.9686376495035,279.9416851134448,0.018111499992,0.1597065680820472,0.135164,0.0017788985356112913,0.0007955476101403356,25,5,0.08515476520000001,0.0004467391073464515,0.00019978780244684822,8.000000000000001e-06,1.0954451150103324e-05,4.898979485566357e-06,0.0,0.0,0.0,509800.82451288693,14907.119852980002,6666.666667999991,321570.81360771984,8482.121471709614,3793.3200408306507,0.028111499996,0.1597065680820472,0.131814,0.0008486341968127543,0.0003795207504208508,0.9800261362565929,0.002587750205266914,0.0011572770735531707,25,5,0.0,0.0,0.0,0.225736,0.0016239704430807706,0.0007262616608358112,0.223744,0.002304361082816669,0.0010305416051766187,1954144.81701459,0.0,0.0,0.0,0.0,0.0,0.013111499996,0.1597065680820472,0.27289199999999997,0.0018119381887912074,0.0008103233922329974,25,5,0.0,0.0,0.0,0.311224,0.0014515095590453342,0.0006491348088032224,0.310656,0.005696988678240453,0.0025477707903184656,1453047.8055698175,0.0,0.0,0.0,0.0,0.0,0.015611499994,0.1597065680820472,0.196812,0.0019083815132200348,0.0008534541581127822,25,5,0.0,0.0,0.0,4.000000000000001e-06,8.94427190999916e-06,4.000000000000001e-06,0.0,0.0,0.0,509800.82451288693,14907.119852980004,6666.666667999992,0.0,0.0,0.0,0.028111499996,0.1597065680820472,0.13158799999999998,0.0006065228767326179,0.0002712452764565718,0.011768290149554939,0.009804419347045281,0.00438466962798147,25,5,0.07566827999999999,0.0005974704057524545,0.0002671968883613739,2.0000000000000005e-05,2e-05,8.94427190999916e-06,3.2000000000000005e-05,7.155417527999328e-05,3.2000000000000005e-05,528451.2560838609,0.0,0.0,218285.94542906331,461.1153487958525,206.2170530752104,0.023734150023,0.159878422950533,0.17716800000000002,0.0011781850448889573,0.0005269003700890699,25,5,0.055799792,0.0016228841520872631,0.0007257758567348455,1.2000000000000002e-05,1.0954451150103323e-05,4.898979485566356e-06,1.6000000000000003e-05,3.577708763999664e-05,1.6000000000000003e-05,239991.91659305262,2140.862969646764,957.4230261284467,167901.61609706754,5624.180483891988,2515.209975942029,0.046694325051,0.159878422950533,0.07844799999999999,0.00047552076715954536,0.0002126593520163186,-2.8269504436177146,0.006769281239912944,0.003027314602251881,25,5,0.0,0.0,0.0,0.225944,0.0018815631799118649,0.0008414606348487193,0.22339199999999998,0.005306780568291858,0.0023732644184751117,528451.2560838609,0.0,0.0,0.0,0.0,0.0,0.023734150023,0.159878422950533,0.17744,0.0010627323275406604,0.0004752683452534977,25,5,0.0,0.0,0.0,0.22405600000000003,0.0018452858857098558,0.000825236935673629,0.22475199999999998,0.002684831465846602,0.0012006931331526814,239210.18396571727,1748.0072949513612,781.7326273353538,0.0,0.0,0.0,0.046694325051,0.159878422950533,0.07922399999999999,0.0020363398537572284,0.0009106788676586286,-1.5575617370669008,0.011657600935119642,0.005213437629098526,25,5
2,20260805,0.11634747999999999,0.0005640629803045096,0.0002522566335104017,1.6000000000000003e-05,2.6076809620810595e-05,1.16619037896906e-05,1.6000000000000003e-05,3.577708763999664e-05,1.6000000000000003e-05,1954144.81701459,0.0,0.0,805809.9308263084,894.4271917154631,400.0000003200024,0.013111499996,0.1597065680820472,0.272288,0.0014964357654105968,0.0006692264190840046,25,5,0.05925492,0.0007379199834670433,0.00033000784899756593,2.0000000000000005e-05,2.8284271247461906e-05,1.2649110640673518e-05,0.0,0.0,0.0,1027987.0946133735,0.0,0.0,425850.4327640863,0.0,0.0,0.018111499992,0.1597065680820472,0.138608,0.0017261286162971732,0.000771948184789626,25,5,0.0848899568,0.0009446573174949251,0.00042246359547225076,4.000000000000001e-06,8.94427190999916e-06,4.000000000000001e-06,0.0,0.0,0.0,489800.8245088869,14907.119852980002,6666.666667999991,308913.0542184529,10243.255366111154,4580.923061902807,0.028111499996,0.1597065680820472,0.131288,0.0014277674880736006,0.0006385170318793382,0.9806056956776157,0.0016991724970748833,0.0007598930417915003,25,5,0.0,0.0,0.0,0.224288,0.0013285029168202819,0.0005941245660633798,0.22435199999999997,0.0035020451167853397,0.0015661621882806418,1954144.81701459,0.0,0.0,0.0,0.0,0.0,0.013111499996,0.1597065680820472,0.272148,0.0017461156891798433,0.0007808866755170047,25,5,0.0,0.0,0.0,0.311156,0.0018054030021023189,0.0008074007678965961,0.310912,0.0038614401458523413,0.0017268885314345075,1457244.9388342202,9385.075289829974,4197.1332644026725,0.0,0.0,0.0,0.0153614999942,0.1597065680820472,0.19897199999999998,0.0032882700619018537,0.0014705590773579972,25,5,0.0,0.0,0.0,1.6000000000000003e-05,1.6733200530681514e-05,7.483314773547884e-06,1.6000000000000003e-05,3.577708763999664e-05,1.6000000000000003e-05,509800.82451288693,14907.119852980002,6666.666667999991,0.0,0.0,0.0,0.028111499996,0.1597065680820472,0.132214,0.0008358708034140246,0.00037381278736822444,0.010060907829238176,0.01053473667261133,0.004711277465003777,25,5,0.07602147,0.0005280135552237274,0.00023613484050431872,2e-05,1.4142135623730951e-05,6.324555320336758e-06,0.0,0.0,0.0,528451.2560838609,0.0,0.0,218492.1624821385,2.9103830456733704e-11,1.3015628661377062e-11,0.023734150023,0.159878422950533,0.177828,0.0012351194274239222,0.0005523622000101016,25,5,0.0562803156,0.0005755904763534626,0.00025741188646556554,8.000000000000001e-06,1.0954451150103324e-05,4.898979485566357e-06,3.2000000000000005e-05,4.38178046004133e-05,1.9595917942265427e-05,238428.4513383819,0.0,0.0,168144.9345345396,1990.5970678871097,890.2220719214681,0.046694325051,0.159878422950533,0.078452,0.0014177164737704043,0.0006340220816343843,-2.8297986420603682,0.005155124275287824,0.002305441662400583,25,5,0.0,0.0,0.0,0.22663200000000003,0.0009827105372387074,0.0004394815126942176,0.228688,0.004849280358981118,0.0021686641049272724,528451.2560838609,0.0,0.0,0.0,0.0,0.0,0.023734150023,0.159878422950533,0.175992,0.0011432934881298066,0.0005112963915382193,25,5,0.0,0.0,0.0,0.22548399999999996,0.0011987827159247808,0.0005361119286119259,0.224176,0.0033692254302732333,0.0015067634187223855,240773.649220388,2140.8629696467697,957.4230261284491,0.0,0.0,0.0,0.046694325051,0.159878422950533,0.078968,0.0012860482106048794,0.0005751382442508952,-1.555508743938823,0.006267901943068862,0.0028030909642009984,25,5
3,20260805,0.11665191,0.0006088428639640929,0.00027228280628787375,1.2000000000000002e-05,1.788854381999832e-05,8.000000000000001e-06,1.6000000000000003e-05,3.5777087639996646e-05,1.6000000000000003e-05,1954144.81701459,0.0,0.0,806057.3929781282,341.08499838797945,152.53784850018565,0.013111499996,0.1597065680820472,0.272996,0.001538206748132388,0.0006879069704545834,25,5,0.05803687240000001,0.0003412875348716938,0.00015262842556928747,4.800000000000001e-05,3.8987177379235857e-05,1.7435595774162695e-05,6.400000000000001e-05,6.693280212272606e-05,2.9933259094191536e-05,1027987.0946133735,0.0,0.0,424972.7184776699,891.9558887049133,398.89480001508457,0.018111499992,0.1597065680820472,0.136004,0.0009509363806270025,0.0004252716778719183,25,5,0.08527504820000001,0.0014057835698370103,0.0006286855247615756,2.0000000000000005e-05,2e-05,8.94427190999916e-06,0.0,0.0,0.0,503134.15784488694,18257.418587156997,8164.965810910243,318306.4272171484,12588.429760679453,5629.7169349721335,0.028111499996,0.1597065680820472,0.131586,0.0016281216170790282,0.0007281181222851179,0.982131297528424,0.0032775523630471422,0.0014657659767176958,25,5,0.0,0.0,0.0,0.225172,0.0006435215614103277,0.0002877915912600596,0.226592,0.001622442602990931,0.0007255783899758851,1954144.81701459,0.0,0.0,0.0,0.0,0.0,0.013111499996,0.1597065680820472,0.273092,0.0020937335073977275,0.0009363460898620755,25,5,0.0,0.0,0.0,0.308836,0.0018323973368240677,0.0008194730013856387,0.306944,0.004305679969528607,0.0019255586202450378,1453047.8055698175,0.0,0.0,0.0,0.0,0.0,0.015611499994,0.1597065680820472,0.19756400000000002,0.0014252999684276953,0.0006374135235465261,25,5,0.0,0.0,0.0,0.0,0.0,0.0,0.0,0.0,0.0,503134.15784488694,18257.418587156997,8164.965810910243,0.0,0.0,0.0,0.028111499996,0.1597065680820472,0.13099,0.0011992914574864792,0.0005363394447549133,0.016926832732272395,0.01564555483912521,0.006996904833196951,25,5,0.07581163,0.0007977009759302038,0.0003567427215795718,2.4000000000000004e-05,2.60768096208106e-05,1.1661903789690601e-05,4.800000000000001e-05,4.381780460041329e-05,1.9595917942265424e-05,532516.2657460048,9089.637933747079,4065.0096621438393,219942.43686638688,3769.7893440125813,1685.9010468132942,0.023734150023,0.159878422950533,0.17758000000000002,0.0018055470085267845,0.0008074651695274565,25,5,0.056499506399999996,0.0006633638605025164,0.0002966653371800629,2.4000000000000004e-05,1.6733200530681514e-05,7.483314773547884e-06,1.6000000000000003e-05,3.5777087639996646e-05,1.6000000000000003e-05,238428.4513383819,0.0,0.0,169824.82566881826,81.80674140372764,36.58508695929631,0.046694325051,0.159878422950533,0.077968,0.0008947178326153965,0.000400129978881861,-2.8387962740060226,0.006999018237126734,0.0031300561107952237,25,5,0.0,0.0,0.0,0.223996,0.0013702116624813875,0.0006127772841742761,0.22092799999999996,0.0013805506147910706,0.0006174010042103921,528451.2560838609,0.0,0.0,0.0,0.0,0.0,0.023734150023,0.159878422950533,0.17821199999999998,0.0016114341438606729,0.000720655257387328,25,5,0.0,0.0,0.0,0.22372399999999998,0.002146224592161789,0.0009598208166111046,0.22412799999999997,0.003030300315150299,0.001355191499383021,238428.4513383819,0.0,0.0,0.0,0.0,0.0,0.046694325051,0.159878422950533,0.07868800000000001,0.0008757396873500648,0.0003916426943018315,-1.5606658259528152,0.01041443289682346,0.004657475980881462,25,5
4,20260805,0.11664936,0.0007481469853912352,0.00033458150329926877,1.2000000000000002e-05,1.7888543819998323e-05,8.000000000000001e-06,0.0,0.0,0.0,1954144.81701459,0.0,0.0,806209.9308266283,0.0,0.0,0.013111499996,0.1597065680820472,0.27286400000000005,0.0017500514278157707,0.0007826467913433258,25,5,0.05848594,0.0005075005251228777,0.00022696113455831886,1.2000000000000002e-05,1.0954451150103323e-05,4.898979485566356e-06,3.2000000000000005e-05,4.381780460041329e-05,1.9595917942265424e-05,1027987.0946133735,0.0,0.0,425540.00568715826,453.6046277425388,202.85815650816073,0.018111499992,0.1597065680820472,0.136936,0.0012285275739681244,0.0005494142335251255,25,5,0.0858093636,0.0008327428466950652,0.00037241392259737034,8.000000000000001e-06,1.0954451150103323e-05,4.898979485566356e-06,1.6000000000000003e-05,3.577708763999664e-05,1.6000000000000003e-05,509800.82451288693,14907.119852980004,6666.666667999992,322142.6754437329,10530.968219485954,4709.592161532104,0.028111499996,0.1597065680820472,0.13260199999999997,0.0003499571402329148,0.0001565055909544448,0.9813329779748077,0.006827753380665272,0.003053464138554309,25,5,0.0,0.0,0.0,0.224068,0.002019831676155238,0.0009032961861980905,0.22347200000000003,0.004932050283604176,0.002205679940517211,1954144.81701459,0.0,0.0,0.0,0.0,0.0,0.013111499996,0.1597065680820472,0.27345600000000003,0.002071057700789662,0.0009262051608580207,25,5,0.0,0.0,0.0,0.31037600000000004,0.001641365285364596,0.0007340408707967154,0.31124799999999997,0.0046574155923645045,0.0020828595727988963,1440108.7387482228,17717.546928135256,7923.527865170602,0.0,0.0,0.0,0.015111499994399999,0.1597065680820472,0.197848,0.0011032316166608017,0.0004933801779561084,25,5,0.0,0.0,0.0,1.2000000000000002e-05,1.0954451150103323e-05,4.898979485566356e-06,0.0,0.0,0.0,509800.82451288693,14907.119852980002,6666.666667999991,0.0,0.0,0.0,0.028111499996,0.1597065680820472,0.13075,0.001151086443322122,0.0005147815070493447,0.012354439183859561,0.014736467556268213,0.006590348640807186,25,5,0.0756504,0.0011281464997951291,0.0005045224524240723,1.2000000000000002e-05,1.0954451150103323e-05,4.898979485566356e-06,0.0,0.0,0.0,536581.2754081485,11132.487442163176,4978.599735867923,221967.74574327143,4759.138381524729,2128.3513870835245,0.023734150023,0.159878422950533,0.17696,0.002638939180807332,0.0011801694793545606,25,5,0.05725587759999999,0.0018663578870963657,0.0008346606211780702,2.4000000000000004e-05,2.60768096208106e-05,1.1661903789690601e-05,3.2000000000000005e-05,7.155417527999328e-05,3.2000000000000005e-05,239210.1839657173,1748.0072949513615,781.7326273353538,169443.89479968496,2348.4021353323415,1050.2373626217552,0.046694325051,0.159878422950533,0.07948,0.002178072542409917,0.0009740636529508735,-2.8323595646879243,0.007906799988661622,0.0035360284518283903,25,5,0.0,0.0,0.0,0.22443600000000002,0.001758715440314315,0.0007865214555242564,0.22305599999999998,0.0029007033629793893,0.0012972339804368323,532516.2657460048,9089.637933747079,4065.0096621438393,0.0,0.0,0.0,0.023734150023,0.159878422950533,0.17859600000000003,0.00196414867054406,0.0008783939890504714,25,5,0.0,0.0,0.0,0.223764,0.0022279766605599743,0.0009963814530590154,0.22475199999999998,0.005086326768897182,0.0022746744822061925,238428.4513383819,0.0,0.0,0.0,0.0,0.0,0.046694325051,0.159878422950533,0.07926000000000001,0.00047138094997570767,0.00021080796948882202,-1.5586253378413608,0.01014846053131694,0.004538529522999662,25,5
5,20260805,0.11679363999999999,0.001060378254680853,0.0004742155718657944,1.2000000000000002e-05,1.788854381999832e-05,8.000000000000001e-06,3.2000000000000005e-05,4.381780460041329e-05,1.9595917942265424e-05,1954144.81701459,0.0,0.0,805657.3929778081,873.9571664464573,390.84552671947534,0.013111499996,0.1597065680820472,0.27345600000000003,0.0024508937145457563,0.0010960729902702551,25,5,0.0579163,0.0005081661527000824,0.0002272588122603845,2.4000000000000004e-05,1.6733200530681514e-05,7.483314773547884e-06,1.6000000000000003e-05,3.577708763999664e-05,1.6000000000000003e-05,1027987.0946133735,0.0,0.0,425621.86133533204,511.10125240880626,228.57142875427377,0.018111499992,0.1597065680820472,0.13553600000000002,0.0010779053761810471,0.0004820539388906608,25,5,0.085471288,0.00046778141619029654,0.00020919820904252473,8.000000000000001e-06,1.0954451150103324e-05,4.898979485566357e-06,0.0,0.0,0.0,516467.49118088686,0.0,0.0,325461.36889726686,1315.074400800579,588.1191511319797,0.028111499996,0.1597065680820472,0.132502,0.0004777237695572673,0.00021364456463949884,0.978986747939536,0.0027475064262724425,0.0012287222275525391,25,5,0.0,0.0,0.0,0.225048,0.002199118005019279,0.0009834754699533663,0.22575999999999996,0.0018478095139921756,0.0008263655365514707,1954144.81701459,0.0,0.0,0.0,0.0,0.0,0.013111499996,0.1597065680820472,0.272996,0.00242773145137597,0.0010857145112781786,25,5,0.0,0.0,0.0,0.31057199999999996,0.0011234411422055093,0.0005024181525383054,0.31124799999999997,0.0028792221171698527,0.001287627275262531,1440108.738748223,17717.54692813513,7923.527865170546,0.0,0.0,0.0,0.015111499994400002,0.1597065680820472,0.197772,0.0014217313388963627,0.0006358175839028115,25,5,0.0,0.0,0.0,4.000000000000001e-06,8.94427190999916e-06,4.000000000000001e-06,0.0,0.0,0.0,503134.15784488694,18257.418587156997,8164.965810910243,0.0,0.0,0.0,0.028111499996,0.1597065680820472,0.131274,0.0008350628718845117,0.0003734514694039932,0.024773624005350416,0.009723053085315386,0.004348281529520852,25,5,0.07626993,0.0004926682854619305,0.0002203279553302296,1.6000000000000003e-05,2.190890230020665e-05,9.797958971132714e-06,3.2000000000000005e-05,4.38178046004133e-05,1.9595917942265427e-05,532516.2657460048,9089.637933747079,4065.0096621438393,220026.7036295978,4007.502202166746,1792.2094688049897,0.023734150023,0.159878422950533,0.178572,0.0009943440048594881,0.0004446841575770393,25,5,0.0558430188,0.0009132911554686152,0.00040843622137543044,1.6000000000000003e-05,1.6733200530681514e-05,7.483314773547884e-06,3.2000000000000005e-05,4.381780460041329e-05,1.9595917942265424e-05,239210.1839657173,1748.0072949513615,781.7326273353538,168417.1085931262,801.9384731358675,358.6377879408377,0.046694325051,0.159878422950533,0.077988,0.0011634087845637023,0.0005202922255809693,-2.8287591443790125,0.007333317180268023,0.003279559143129276,25,5,0.0,0.0,0.0,0.22354400000000002,0.0015097284524045948,0.0006751710894284459,0.22094399999999997,0.0019987195901376474,0.0008938545743016595,532516.2657460046,9089.637933747079,4065.0096621438393,0.0,0.0,0.0,0.023734150023,0.159878422950533,0.17754399999999998,0.0007325844661197535,0.00032762173310083205,25,5,0.0,0.0,0.0,0.226192,0.0006827298147876711,0.00030532605522621474,0.225936,0.0016813328046523077,0.0007519148888005869,238428.4513383819,2.9103830456733704e-11,1.3015628661377062e-11,0.0,0.0,0.0,0.046694325051,0.159878422950533,0.07955600000000002,0.001087235025190048,0.00048622628476872865,-1.557250275064733,0.006787916726539417,0.003035648645229997,25,5
6,20260805,0.11655872999999999,0.0010443712130990585,0.0004670570052466827,8.000000000000001e-06,1.0954451150103323e-05,4.898979485566356e-06,0.0,0.0,0.0,1954144.81701459,0.0,0.0,806209.9308266283,0.0,0.0,0.013111499996,0.1597065680820472,0.272652,0.0024429735978925425,0.0010925310064249924,25,5,0.05841531,0.0007986221770962765,0.0003571546952652299,2e-05,1.4142135623730951e-05,6.324555320336758e-06,0.0,0.0,0.0,1027987.0946133735,0.0,0.0,425850.4327640863,0.0,0.0,0.018111499992,0.1597065680820472,0.136644,0.0018681220516872034,0.0008354495795677925,25,5,0.0852170944,0.0008126420436153318,0.0003634245701796461,4.000000000000001e-06,8.944271909999161e-06,4.000000000000001e-06,0.0,0.0,0.0,503134.15784488694,18257.418587156997,8164.965810910243,317960.490002759,12213.350976270935,5461.976603201046,0.028111499996,0.1597065680820472,0.13158599999999998,0.0011237348441692052,0.0005025495000494951,0.9816919513919784,0.0036087175975628885,0.0016138675719500695,25,5,0.0,0.0,0.0,0.22402800000000003,0.0017227071718664206,0.0007704180683239459,0.22417600000000001,0.004390316617283989,0.0019634092797987854,1954144.81701459,0.0,0.0,0.0,0.0,0.0,0.013111499996,0.1597065680820472,0.27215199999999995,0.0015969095152825723,0.0007141596460176142,25,5,0.0,0.0,0.0,0.308676,0.0011211957902168537,0.0005014140006022957,0.30948800000000004,0.0042458827115218435,0.0018988164734907943,1453047.8055698175,0.0,0.0,0.0,0.0,0.0,0.015611499994,0.1597065680820472,0.19774000000000003,0.002233248754617364,0.0009987392051982345,25,5,0.0,0.0,0.0,8.000000000000001e-06,1.0954451150103324e-05,4.898979485566357e-06,0.0,0.0,0.0,496467.49117688695,18257.418587156997,8164.965810910243,0.0,0.0,0.0,0.028111499996,0.1597065680820472,0.13187200000000002,0.0012527050730319561,0.0005602267398116585,0.00987500854922517,0.01222002079895245,0.0054649594385837936,25,5,0.07651911,0.0006696503895690611,0.00029947675844712733,1.6000000000000003e-05,1.6733200530681514e-05,7.483314773547884e-06,1.6000000000000003e-05,3.577708763999664e-05,1.6000000000000003e-05,536581.2754081485,11132.487442163176,4978.599735867923,221845.79545340716,4597.208506523992,2055.934145465586,0.023734150023,0.159878422950533,0.17907599999999996,0.0014976915570303578,0.0006697880261694766,25,5,0.05598345039999999,0.0003871355857122892,0.000173132297232375,1.6000000000000003e-05,8.94427190999916e-06,4.000000000000001e-06,0.0,0.0,0.0,239210.1839657173,1748.0072949513549,781.7326273353508,167459.84228605876,2110.8341616723774,943.9937349456434,0.046694325051,0.159878422950533,0.07867199999999999,0.0015064262345033685,0.0006736942926877142,-2.8317740054444456,0.010330117954379651,0.0046197691923167946,25,5,0.0,0.0,0.0,0.22528,0.0020331748572122374,0.0009092634381739983,0.226384,0.0029812212262762547,0.0013332426635837974,528451.2560838609,0.0,0.0,0.0,0.0,0.0,0.023734150023,0.159878422950533,0.17720399999999997,0.0029910332662810555,0.001337630741273534,25,5,0.0,0.0,0.0,0.22539199999999998,0.0017087188182963308,0.0007641622864287414,0.227264,0.0028511892255688636,0.001275090585017392,239210.18396571727,1748.0072949513612,781.7326273353538,0.0,0.0,0.0,0.046694325051,0.159878422950533,0.079112,0.0009313001664340012,0.0004164900959206589,-1.559635468811432,0.01154620596417696,0.005163620283622637,25,5
7,20260805,0.11681150999999998,0.0009675359743957924,0.00043269524188509754,5.6000000000000006e-05,5.8991524815010526e-05,2.6381811916545847e-05,8.000000000000002e-05,8e-05,3.577708763999664e-05,1954144.81701459,0.0,0.0,804209.9308250283,2000.0000016000122,894.427191715463,0.013111499996,0.1597065761074148,0.273884,0.0021939644482078446,0.0009811707292821114,25,5,0.05784919039999999,0.00044123403815979123,0.00019732586066240586,0.00011199999999999998,3.346640106136302e-05,1.4966629547095764e-05,0.00016,9.797958971132714e-05,4.381780460041329e-05,1027987.0946133735,0.0,0.0,423902.72146631184,1188.3336861692444,531.4389804454664,0.018111499992,0.1597065761074148,0.135944,0.0012305608477438125,0.0005503235412009867,25,5,0.0849599876,0.0011254111613531674,0.0005032991718845332,3.6e-05,8.944271909999158e-06,4e-06,3.2000000000000005e-05,7.155417527999329e-05,3.2000000000000005e-05,516467.49118088686,0.0,0.0,325990.06761497003,1790.7948002626408,800.8677814280846,0.028111499996,0.1597065761074148,0.131474,0.0015360924451347277,0.0006869614254090234,0.9805224998446096,0.0037576274648874657,0.0016804620891217154,25,5,0.0,0.0,0.0,0.225116,0.0024961730709227815,0.0011163225340375487,0.22822399999999998,0.0035720694282166563,0.0015974780123682497,1954144.81701459,0.0,0.0,0.0,0.0,0.0,0.013111499996,0.1597065761074148,0.27340400000000004,0.0012789370586545844,0.0005719580404190572,25,5,0.0,0.0,0.0,0.311692,0.0025371085905022002,0.0011346294549323193,0.312032,0.0017422743756366045,0.0007791687878758902,1446578.2721590202,14466.316489248868,6469.533410797314,0.0,0.0,0.0,0.015361499994199997,0.1597065761074148,0.19790000000000002,0.001467583047053885,0.0006563230911677518,25,5,0.0,0.0,0.0,2e-05,1.4142135623730951e-05,6.324555320336758e-06,0.0,0.0,0.0,509800.8245128868,14907.119852980002,6666.666667999991,0.0,0.0,0.0,0.028111499996,0.1597065761074148,0.13153399999999998,0.00046214716270903824,0.00020667849428521306,0.011074117198802195,0.009203979507357936,0.004116144768393474,25,5,0.07616386559999999,0.0008066297023521972,0.000360735769425987,0.0001,4.8989794855663556e-05,2.1908902300206642e-05,9.6e-05,0.0001314534138012399,5.8787753826796284e-05,532516.2657460048,9089.637933747079,4065.0096621438393,219633.49613206397,3189.482850071296,1426.3800931658375,0.023734150023,0.15987842864897395,0.17865599999999998,0.0025433206640138846,0.0011374075786629897,25,5,0.0555200092,0.001502786643006648,0.0006720666178883148,0.00010400000000000001,8.944271909999163e-06,4.0000000000000015e-06,0.00014400000000000003,6.693280212272606e-05,2.9933259094191536e-05,237646.7187110466,1748.0072949513485,781.732627335348,165071.8234826812,4021.754403494,1798.5832470043404,0.046694325051,0.15987842864897395,0.07858400000000001,0.0011486862060632562,0.0005137080883147544,-2.8281892760448684,0.009569975475644544,0.004279823141309417,25,5,0.0,0.0,0.0,0.22513999999999998,0.0007154019849007921,0.0003199374938952898,0.225648,0.001496235275616776,0.0006691367573224489,528451.2560838609,0.0,0.0,0.0,0.0,0.0,0.023734150023,0.15987842864897395,0.17796,0.0022386156436512354,0.0010011393509397216,25,5,0.0,0.0,0.0,0.22622399999999998,0.003497095938060609,0.0015639488482683832,0.22559999999999997,0.006644335933710765,0.0029714373626243615,238428.4513383819,0.0,0.0,0.0,0.0,0.0,0.046694325051,0.15987842864897395,0.079,0.0014722092242612703,0.0006583919805100866,-1.5545197747572286,0.017643879703505023,0.007890582880773213,25,5
8,20260805,0.1172319964,0.0015298010512530041,0.0006841478285304714,0.000212,3.033150177620622e-05,1.3564659966250543e-05,0.000144,0.00011865917579353061,5.30659966456864e-05,1954144.81701459,0.0,0.0,802654.7263087393,2798.129344978956,1251.361485041981,0.013111499996,0.1597065761074148,0.275356,0.003332608587878272,0.0014903878689790796,25,5,0.05723565639999999,0.0003591604136354686,0.00016062141994317003,0.00048000000000000007,0.00010295630140987003,4.604345773288536e-05,0.000592,0.00027480902459708277,0.00012289833196589775,1027987.0946133735,0.0,0.0,419336.5448663415,2886.0903643387155,1290.6988487737005,0.018111499992,0.1597065761074148,0.13604,0.0016059887919907794,0.0007182200219988305,25,5,0.08459626919999999,0.0010972675686580255,0.0004907129746050525,5.2000000000000004e-05,3.633180424916991e-05,1.6248076809271923e-05,4.800000000000001e-05,7.155417527999329e-05,3.2000000000000005e-05,496467.49117688683,18257.418587156997,8164.965810910243,311143.48788485373,13553.382143584326,6061.256759617273,0.028111499996,0.1597065761074148,0.13172,0.0008136645500450299,0.00036388184895649325,0.9765000198447347,0.004760980785526135,0.0021291753352013568,25,5,0.0,0.0,0.0,0.22298,0.0011561141812122093,0.000517029979788402,0.22350399999999998,0.0018756545524162972,0.0008388182163019566,1954144.81701459,0.0,0.0,0.0,0.0,0.0,0.013111499996,0.1597065761074148,0.272304,0.0016989055300398656,0.0007597736505038901,25,5,0.0,0.0,0.0,0.31122,0.002746160956681162,0.0012281205152589866,0.311104,0.005401451656730828,0.0024156026163257983,1446578.2721590202,14466.316489248971,6469.53341079736,0.0,0.0,0.0,0.015361499994199997,0.1597065761074148,0.20067199999999996,0.001021430369628797,0.00045679754815454535,25,5,0.0,0.0,0.0,6.400000000000001e-05,3.5777087639996646e-05,1.6000000000000003e-05,8e-05,5.6568542494923805e-05,2.5298221281347034e-05,509800.82451288693,14907.119852980004,6666.666667999992,0.0,0.0,0.0,0.028111499996,0.1597065761074148,0.132234,0.0015835182348176574,0.0007081708833325512,0.013668801859362764,0.013089139173194831,0.005853640991643807,25,5,0.0756827444,0.0003474850626642815,0.00015540004425662152,0.000332,6.418722614352483e-05,2.870540018881464e-05,0.00038400000000000006,0.00017343586710943037,7.756287771866125e-05,532516.2657460048,9089.637933747079,4065.0096621438393,217875.01626357326,4436.017576701027,1983.8473701774765,0.023734150023,0.15987842864897395,0.178932,0.0008716191829004198,0.00038979994869163217,25,5,0.0560154636,0.0009516724317509651,0.00042560084994153744,0.00033600000000000004,4.335896677735759e-05,1.9390719429665312e-05,0.000304,0.00010430723848324241,4.664761515876241e-05,238428.4513383819,0.0,0.0,166358.27580126707,1625.5818052262287,726.982283894534,0.046694325051,0.15987842864897395,0.0789,0.000896102672688793,0.00040074929819027704,-2.824734750962535,0.00626722055423417,0.002802786237850302,25,5,0.0,0.0,0.0,0.22547199999999998,0.0015314437632508668,0.0006848824716694065,0.225856,0.003459202220165784,0.0015470022624417773,532516.2657460048,9089.637933747079,4065.0096621438393,0.0,0.0,0.0,0.023734150023,0.15987842864897395,0.177972,0.0012659067896176176,0.0005661307269527035,25,5,0.0,0.0,0.0,0.22586000000000003,0.0019221342304844452,0.0008596045602484936,0.22825600000000001,0.003749517302267066,0.0016768351141361571,238428.4513383819,0.0,0.0,0.0,0.0,0.0,0.046694325051,0.15987842864897395,0.07898000000000001,0.00045650848842052923,0.00020415680248279578,-1.5579343448161151,0.015009333812026699,0.00671237814013555,25,5
9,20260805,0.11667361000000001,0.0008128112491532143,0.0003635002411966211,8.800000000000001e-05,4.147288270665545e-05,1.854723699099141e-05,6.400000000000001e-05,6.693280212272606e-05,2.9933259094191536e-05,1954144.81701459,0.0,0.0,804724.0596437282,1387.8487964737042,620.6648502812945,0.013111499996,0.1597065761074148,0.273436,0.002005063590014021,0.0008966916972962237,25,5,0.0580660728,0.0008113859986438025,0.0003628628497918189,0.00018800000000000002,4.604345773288537e-05,2.0591260281974006e-05,0.000192,0.0001338656042454521,5.986651818838306e-05,1027987.0946133735,0.0,0.0,423269.8613334505,1653.7186309944095,739.565454912278,0.018111499992,0.1597065761074148,0.13656000000000001,0.0018336848147923364,0.0008200487790369552,25,5,0.0848409132,0.0010960492105887402,0.000490168108312281,2.8000000000000003e-05,2.2803508501982765e-05,1.0198039027185571e-05,3.2000000000000005e-05,4.381780460041329e-05,1.9595917942265424e-05,516467.49118088686,0.0,0.0,323138.4295659401,705.5997234238878,315.55378929617274,0.028111499996,0.1597065761074148,0.132474,0.0016743745100783083,0.0007488030448656007,0.9744334294407542,0.0023065390602940556,0.001031515626315199,25,5,0.0,0.0,0.0,0.22505200000000003,0.0021666841024939477,0.0009689705877889177,0.22443200000000002,0.002865854148417172,0.0012816489378921134,1954144.81701459,0.0,0.0,0.0,0.0,0.0,0.013111499996,0.1597065761074148,0.2725,0.0014252017401055878,0.0006373695945054165,25,5,0.0,0.0,0.0,0.3093,0.0014626687936782005,0.0006541253702464141,0.30945599999999995,0.005043617749195521,0.002255574427945134,1453047.8055698175,0.0,0.0,0.0,0.0,0.0,0.015611499994,0.1597065761074148,0.19770400000000002,0.0014510272223497403,0.0006489191012753443,25,5,0.0,0.0,0.0,5.2000000000000004e-05,3.63318042491699e-05,1.624807680927192e-05,3.2000000000000005e-05,4.38178046004133e-05,1.9595917942265427e-05,509800.82451288693,14907.119852980002,6666.666667999991,0.0,0.0,0.0,0.028111499996,0.1597065761074148,0.13254000000000002,0.0012711805536586743,0.000568489225931323,0.016717506358694213,0.014662882224441459,0.006557440279984885,25,5,0.0756395552,0.00028515755309162054,0.00012752633460207376,0.00018800000000000002,4.1472882706655456e-05,1.8547236990991414e-05,0.00017600000000000002,0.00010430723848324238,4.66476151587624e-05,528451.2560838609,0.0,0.0,217422.29525041493,613.38662622692,274.3148385465297,0.023734150023,0.15987842864897395,0.17784,0.001074150827398098,0.0004803748536299581,25,5,0.056378282,0.0013035387107125022,0.0005829602336911177,0.000176,5.549774770204645e-05,2.481934729198172e-05,0.00020800000000000001,0.00015594870951694343,6.974238309665078e-05,238428.4513383819,0.0,0.0,167689.07907486326,2271.3400384305805,1015.7741451895525,0.046694325051,0.15987842864897395,0.07881200000000002,0.0020106516356644144,0.0008991907472833541,-2.829013904644712,0.006704654871339611,0.002998412811598095,25,5,0.0,0.0,0.0,0.22416399999999997,0.0009409994686502233,0.0004208277557386163,0.222256,0.0021772643385680195,0.0009737022132048417,536581.2754081485,11132.487442163176,4978.599735867923,0.0,0.0,0.0,0.023734150023,0.15987842864897395,0.17760800000000002,0.002050882736774591,0.0009171826426617586,25,5,0.0,0.0,0.0,0.226076,0.0015869089450879026,0.0007096872550638062,0.227216,0.0035414799166450196,0.0015837979669137104,238428.4513383819,0.0,0.0,0.0,0.0,0.0,0.046694325051,0.15987842864897395,0.07883599999999999,0.0020996380640481804,0.0009389866878715577,-1.5528294807318013,0.012631855840818867,0.00564913766840975,25,5
10,20260805,0.11638582239999999,0.0009076167545604269,0.00040589855214297134,0.000176,5.899152481501049e-05,2.6381811916545833e-05,0.00014400000000000003,8.763560920082658e-05,3.919183588453085e-05,1954144.81701459,0.0,0.0,802902.1884605592,2013.684273593023,900.5469841952568,0.013111499996,0.15973494194375626,0.273384,0.0016274765743321542,0.0007278296503990372,25,5,0.0573128368,0.0008351695921088114,0.0003734991961392148,0.000268,2.2803508501982768e-05,1.0198039027185573e-05,0.00025600000000000004,0.0001824280680158621,8.158431221748456e-05,1027987.0946133735,0.0,0.0,423075.77839489764,1994.043916438865,891.7635494554424,0.018111499992,0.15973494194375626,0.13503199999999999,0.0018709142150296614,0.0008366982729753963,25,5,0.0850503074,0.0003410981210733939,0.00015254371714351245,8e-05,1.9999999999999998e-05,8.944271909999158e-06,9.600000000000002e-05,0.0001043072384832424,4.6647615158762406e-05,516467.49118088686,0.0,0.0,323512.1813401976,1544.0480037651278,690.5192593883354,0.028111499996,0.15973494194375626,0.132652,0.0007581358717275058,0.00033904866907275276,0.9758255596238147,0.0035205484619103534,0.0015744371357827758,25,5,0.0,0.0,0.0,0.22456399999999999,0.0012989534248771279,0.0005809096315262848,0.22435199999999997,0.0034253642142113815,0.0015318694461343599,1954144.81701459,0.0,0.0,0.0,0.0,0.0,0.013111499996,0.15973494194375626,0.274004,0.00294042173845863,0.0013149965779423209,25,5,0.0,0.0,0.0,0.31005599999999994,0.00236564578920853,0.0010579489590712822,0.306224,0.0036232140428078584,0.0016203505793500408,1446578.2721590202,14466.316489248762,6469.533410797268,0.0,0.0,0.0,0.015361499994199997,0.15973494194375626,0.199476,0.0006615738809838214,0.000295864834003636,25,5,0.0,0.0,0.0,5.2000000000000004e-05,2.683281572999748e-05,1.2e-05,3.2000000000000005e-05,7.155417527999329e-05,3.2000000000000005e-05,503134.15784488694,18257.418587156997,8164.965810910243,0.0,0.0,0.0,0.028111499996,0.15973494194375626,0.131684,0.0009110049396133846,0.00040741379456272375,0.0137171333491352,0.007929017883423147,0.0035459645964291318,25,5,0.07522931000000001,0.0005219749346453364,0.00023343428728359644,0.000328,0.0001145425685062108,5.1224993899462775e-05,0.000288,0.00012132600710482481,5.4258639865002144e-05,528451.2560838609,0.0,0.0,216678.87313343748,705.5639274651203,315.53778085674793,0.023734150023,0.15989824906587669,0.177412,0.0008750542840304218,0.00039133617261888636,25,5,0.05567591200000001,0.000886034091437797,0.00039624649176743564,0.000196,3.8470768123342685e-05,1.7204650534085252e-05,0.00016,5.656854249492381e-05,2.5298221281347037e-05,238428.4513383819,0.0,0.0,165100.45811661676,2214.4435370098863,990.3292562178353,0.046694325051,0.15989824906587669,0.07906800000000001,0.0012053713120860384,0.0005390584383904992,-2.821797205344574,0.004436148717128184,0.001983906017959421,25,5,0.0,0.0,0.0,0.22602000000000003,0.0019996499693696423,0.0008942706525431784,0.226608,0.0037856994069788547,0.0016930162432770722,528451.2560838609,0.0,0.0,0.0,0.0,0.0,0.023734150023,0.15989824906587669,0.17798,0.0008058535847162404,0.0003603886790674798,25,5,0.0,0.0,0.0,0.22489599999999998,0.0008465695482356973,0.00037859741150726126,0.225584,0.0036227724190183233,0.0016201530791872644,238428.4513383819,0.0,0.0,0.0,0.0,0.0,0.046694325051,0.15989824906587669,0.078492,0.0012406127518287023,0.000554818889368411,-1.5565103514548206,0.004843406950671572,0.002166037436879321,25,5
11,20260805,0.11489348120000001,0.0008924684937257991,0.00039912404394954625,0.0005520000000000001,9.121403400793103e-05,4.079215610874227e-05,0.0005919999999999999,0.00018417383093154141,8.2365041127896e-05,1954144.81701459,0.0,0.0,792807.5158371185,4720.811679854153,2111.211165025772,0.013111499996,0.15990281945936136,0.27317600000000003,0.0016495090178595354,0.0007376828586865671,25,5,0.056621762,0.0008768643819166095,0.00039214567300277525,0.001164,0.00018022208521710102,8.059776671843957e-05,0.00112,0.000463033476111609,0.00020707486568871656,1027987.0946133735,0.0,0.0,413333.76314040564,4420.43648541343,1976.8792943209373,0.018111499992,0.15990281945936136,0.13634,0.0014896979559628886,0.0006662131790951014,25,5,0.0824685428,0.00029999376302132627,0.00013416128938832964,0.00018800000000000002,3.0331501776206212e-05,1.356465996625054e-05,0.00019200000000000003,0.00012132600710482482,5.425863986500215e-05,516467.49118088686,0.0,0.0,316009.7993598911,2021.3439847722227,903.9725111721979,0.028111499996,0.15990281945936136,0.131808,0.000734350052767756,0.000328411327453852,0.9605145121019861,0.004893320085547425,0.0021883592693898255,25,5,0.0,0.0,0.0,0.225036,0.0017571226479674003,0.0007858091371319079,0.22614399999999998,0.004123066819735037,0.0018438915369402827,1954144.81701459,0.0,0.0,0.0,0.0,0.0,0.013111499996,0.15990281945936136,0.274032,0.002586487966335798,0.0011567125831424064,25,5,0.0,0.0,0.0,0.31154000000000004,0.0013221951444473052,0.0005913036445008656,0.31351999999999997,0.005585982456112773,0.0024981272985978792,1446578.27215902,14466.316489248973,6469.533410797361,0.0,0.0,0.0,0.0153614999942,0.15990281945936136,0.198464,0.0028461693554670967,0.001272845630860238,25,5,0.0,0.0,0.0,0.00018400000000000003,5.176871642217914e-05,2.315167380558045e-05,0.000144,8.763560920082658e-05,3.919183588453085e-05,489800.8245088869,14907.119852980002,6666.666667999991,0.0,0.0,0.0,0.028111499996,0.15990281945936136,0.131328,0.0011269294565322192,0.0005039781741305873,0.012227098093247166,0.008717525136831427,0.003898595760303645,25,5,0.07484166,0.0006698545872306871,0.0002995680784175758,0.0009480000000000001,0.0001527088733505686,6.829348431585549e-05,0.0009119999999999999,0.00028057084666800286,0.00012547509713086496,528451.2560838609,0.0,0.0,213459.40395349622,1562.48464768018,698.7643772025383,0.023734150023,0.1600066148373388,0.17925200000000002,0.0012151213931126414,0.0005434188071828221,25,5,0.055623066,0.0007849777692164315,0.00035105273055881654,0.001024,0.00012198360545581526,5.455272678794342e-05,0.0009920000000000003,0.00037778300649976305,0.000168949696655543,239210.1839657173,1748.0072949513615,781.7326273353538,165422.38832092762,1813.318726208725,810.9407873352077,0.046694325051,0.1600066148373388,0.0791,0.0011661046265237082,0.0005214978427568031,-2.8237990776958326,0.0068836359872736196,0.003078455599981538,25,5,0.0,0.0,0.0,0.22652,0.0015292481812969481,0.0006839005775695797,0.22731199999999996,0.005455155359840818,0.002439619642485279,528451.2560838609,0.0,0.0,0.0,0.0,0.0,0.023734150023,0.1600066148373388,0.17791600000000002,0.0016182953994867473,0.0007237237041855091,25,5,0.0,0.0,0.0,0.22404000000000002,0.0022800000000000025,0.0010196469977399052,0.22622400000000004,0.003875419977241181,0.0017331405020943936,238428.4513383819,0.0,0.0,0.0,0.0,0.0,0.046694325051,0.1600066148373388,0.080008,0.0016538198208994835,0.0007396107084135545,-1.5492260884524758,0.009783740280300289,0.0043754216681908585,25,5
12,20260805,0.1159338312,0.0006436928027010962,0.00028786817269340226,0.000424,3.8470768123342664e-05,1.7204650534085242e-05,0.0004,0.00012649110640673518,5.6568542494923805e-05,1954144.81701459,0.0,0.0,796746.3142995738,3058.365341901519,1367.7425609042364,0.013111499996,0.1599142738885858,0.27422399999999997,0.0012513512696281333,0.0005596213005238348,25,5,0.057224288400000003,0.0006760425542662168,0.0003023354214043702,0.000832,0.000136088206689632,6.086049621881175e-05,0.000832,0.00034687173421886074,0.0001551257554373225,1027987.0946133735,0.0,0.0,416882.3570359793,3605.34410813831,1612.3589016151227,0.018111499992,0.1599142738885858,0.13684400000000002,0.0010036333992050996,0.0004488385010223572,25,5,0.0840737766,0.0011755178207382925,0.0005257075511866468,0.000164,5.549774770204643e-05,2.481934729198171e-05,0.000144,0.00010430723848324238,4.66476151587624e-05,509800.82451288693,14907.119852980002,6666.666667999991,317205.9866855262,9204.461412423187,4116.360282890394,0.028111499996,0.1599142738885858,0.13198400000000002,0.0014027758195806045,0.0006273404179550424,0.9719924357747105,0.00448803553555818,0.0020071105085885527,25,5,0.0,0.0,0.0,0.22427200000000003,0.0023657387852423608,0.001057990548161939,0.22464,0.0043719103375984255,0.001955177741280827,1954144.81701459,0.0,0.0,0.0,0.0,0.0,0.013111499996,0.1599142738885858,0.27344,0.002924824781076624,0.0013080214065526543,25,5,0.0,0.0,0.0,0.31017599999999995,0.0029955099732766853,0.0013396327855050493,0.308752,0.00329392167484294,0.0014730865555017546,1446578.27215902,14466.316489248973,6469.533410797361,0.0,0.0,0.0,0.0153614999942,0.1599142738885858,0.19835599999999998,0.001300107687847441,0.000581425833619391,25,5,0.0,0.0,0.0,0.00016,5.4772255750516614e-05,2.449489742783178e-05,0.00017600000000000002,0.0001043072384832424,4.6647615158762406e-05,509800.82451288693,14907.119852980002,6666.666667999991,0.0,0.0,0.0,0.028111499996,0.1599142738885858,0.13191800000000004,0.0007130357634789539,0.00031887928750548057,0.018216382666358062,0.015209061855489332,0.006801699236574646,25,5,0.07456625759999999,0.00025445947587543206,0.00011379773711528677,0.000828,0.00015006665185843257,6.711184694225007e-05,0.0008,0.0001131370849898476,5.059644256269406e-05,528451.2560838609,0.0,0.0,213875.133378729,670.8034682545288,299.99243091194967,0.023734150023,0.1600136234131534,0.17822,0.0009499473669630279,0.00042482937751525364,25,5,0.055789376,0.0009082209670724417,0.00040616876419291554,0.0007359999999999999,7.402702209328707e-05,3.310589071449373e-05,0.0006399999999999999,0.00011313708498984755,5.059644256269405e-05,239210.18396571727,3270.222203644738,1462.4878297757589,165998.70231202824,2433.8056586395614,1088.4309793483415,0.046694325051,0.1600136234131534,0.079,0.0009085152722987144,0.0004063003814913314,-2.823605921599863,0.00690481081901506,0.003087925272618734,25,5,0.0,0.0,0.0,0.22532000000000002,0.0014415963373982344,0.0006447014813074349,0.227488,0.001507952253886053,0.0006743767493026471,528451.2560838609,0.0,0.0,0.0,0.0,0.0,0.023734150023,0.1600136234131534,0.177892,0.0011984656857832888,0.0005359701484224673,25,5,0.0,0.0,0.0,0.22370800000000002,0.002178375541544657,0.000974199158283354,0.225088,0.002766427298882084,0.0012371838990222937,238428.4513383819,0.0,0.0,0.0,0.0,0.0,0.046694325051,0.1600136234131534,0.07957600000000001,0.0010501809367913695,0.0004696551926679824,-1.5460660548298697,0.006395428089160572,0.0028601223905149247,25,5
13,20260805,0.1151827336,0.00044925828439195873,0.0002009144126710705,0.00014800000000000002,5.403702434442518e-05,2.4166091947189143e-05,0.00017600000000000002,0.0001043072384832424,4.6647615158762406e-05,1954144.81701459,0.0,0.0,801607.2641562795,2774.973875970896,1241.0060444913988,0.013111499996,0.16003145990142942,0.270808,0.0012833238094884514,0.0005739198550320333,25,5,0.057800564,0.0005577166314536471,0.00024941846002251043,0.000392,0.00010733126291998989,4.799999999999999e-05,0.00044800000000000005,0.00012132600710482484,5.425863986500216e-05,1027987.0946133735,0.0,0.0,420465.67999436334,1486.7899093104259,664.9126610957719,0.018111499992,0.16003145990142942,0.136912,0.0012330125709010384,0.0005514199851293001,25,5,0.0849140064,0.0004048775121926386,0.00018106672796474796,5.6000000000000006e-05,8.944271909999161e-06,4.000000000000001e-06,3.2000000000000005e-05,4.381780460041329e-05,1.9595917942265424e-05,516467.49118088686,0.0,0.0,323644.7200877058,1009.5576097948563,451.4878885407012,0.028111499996,0.16003145990142942,0.13235800000000003,0.00034578895297566467,0.00015464152094441286,0.9757184806476834,0.0022798494895517386,0.0010195796874211767,25,5,0.0,0.0,0.0,0.22560799999999998,0.0028570824279323705,0.0012777261052353847,0.22583999999999999,0.003906507391519946,0.0017470432164087967,1954144.81701459,0.0,0.0,0.0,0.0,0.0,0.013111499996,0.16003145990142942,0.27274,0.0015063864046120398,0.0006736764802188047,25,5,0.0,0.0,0.0,0.3105320000000001,0.0018764114687349262,0.0008391567195703033,0.3116960000000001,0.004588472512721402,0.002052027290266865,1446578.2721590202,14466.316489248762,6469.533410797268,0.0,0.0,0.0,0.0153614999942,0.16003145990142942,0.19843599999999997,0.002403389273505215,0.001074828358390299,25,5,0.0,0.0,0.0,6.8e-05,3.0331501776206206e-05,1.3564659966250538e-05,8e-05,9.797958971132714e-05,4.381780460041329e-05,503134.1578448868,18257.418587156997,8164.965810910243,0.0,0.0,0.0,0.028111499996,0.16003145990142942,0.131398,0.0007846464171841893,0.00035090454542510127,0.018775824715856627,0.02330419021140485,0.010421950694657288,25,5,0.0746870352,0.001047674307216323,0.00046853419384313935,0.000304,8.763560920082662e-05,3.919183588453087e-05,0.00032,0.00014966629547095766,6.693280212272604e-05,528451.2560838609,0.0,0.0,216541.40765662835,828.3175700052512,370.4348786978365,0.023734150023,0.16008346464879042,0.176268,0.0018963965829962874,0.000848094334375604,25,5,0.0549235848,0.0025985702114673004,0.0011621159274293775,0.00027600000000000004,3.847076812334272e-05,1.7204650534085266e-05,0.00022400000000000002,0.00016395121225535358,7.332121111929345e-05,238428.4513383819,0.0,0.0,163456.13127285935,5586.446422113881,2498.3347905014243,0.046694325051,0.16008346464879042,0.078732,0.0015911379575637016,0.0007115785269385225,-2.8201001887957355,0.011141619492245038,0.004982683712819319,25,5,0.0,0.0,0.0,0.223388,0.0022539121544549964,0.0010079801585348754,0.22412800000000002,0.00575433054316485,0.0025734148519039783,532516.2657460048,9089.637933747079,4065.0096621438393,0.0,0.0,0.0,0.023734150023,0.16008346464879042,0.17734,0.0021095971179350974,0.0009434405121681036,25,5,0.0,0.0,0.0,0.22528800000000002,0.0017439954128379922,0.000779938459110712,0.22857599999999997,0.003192190470507674,0.0014275909778364393,238428.4513383819,0.0,0.0,0.0,0.0,0.0,0.046694325051,0.16008346464879042,0.079588,0.0009638049595224109,0.00043102668130870877,-1.5631175755074056,0.00916462711174881,0.00409854584206158,25,5
14,20260805,0.11566524119999999,0.0007555143187717926,0.0003378762749496347,0.000436,8.173126696681021e-05,3.6551333764994134e-05,0.00044799999999999994,0.0001559487095169434,6.974238309665077e-05,1954144.81701459,0.0,0.0,796852.9809663258,2948.525326698417,1318.620612775487,0.013111499996,0.1600504259251081,0.273872,0.0019817971641921234,0.00088628663534998,25,5,0.056592932799999995,0.0003287134009820726,0.00014700510194221207,0.00086,0.00016613247725836143,7.429670248402681e-05,0.001056,0.0002736421020237931,0.00012237646832622683,1027987.0946133735,0.0,0.0,414317.8610270797,2745.711949055136,1227.9197129441445,0.018111499992,0.1600504259251081,0.13610000000000003,0.0005730619512757811,0.0002562810956742637,25,5,0.08329110120000001,0.0004994009758647887,0.00022333890601267987,0.00016800000000000002,4.816637831516918e-05,2.1540659228538017e-05,0.00017600000000000002,0.0001043072384832424,4.6647615158762406e-05,496467.49117688683,18257.418587156997,8164.965810910243,306832.9270459572,10975.246093490116,4908.279266966581,0.028111499996,0.1600504259251081,0.131558,0.0010540967697512484,0.0004714064064053471,0.9682734271067895,0.004407726150350563,0.0019711950596774637,25,5,0.0,0.0,0.0,0.22443200000000002,0.0013265443829740544,0.0005932486831001,0.22315199999999996,0.003644436856360669,0.0016298417101056185,1954144.81701459,0.0,0.0,0.0,0.0,0.0,0.013111499996,0.1600504259251081,0.27332399999999996,0.0012359935274911479,0.0005527531094439923,25,5,0.0,0.0,0.0,0.310832,0.0010228000782166752,0.0004574101004569175,0.312336,0.003767396979347934,0.0016848311488098704,1446578.2721590202,14466.316489248762,6469.533410797268,0.0,0.0,0.0,0.0153614999942,0.1600504259251081,0.19751200000000002,0.0007203610206000887,0.00032215524208058493,25,5,0.0,0.0,0.0,0.000116,3.286335345030997e-05,1.4696938456699068e-05,8e-05,8e-05,3.577708763999664e-05,496467.49117688695,18257.418587156997,8164.965810910243,0.0,0.0,0.0,0.028111499996,0.1600504259251081,0.131966,0.000563320512674609,0.0002519245918920915,0.012777908364933043,0.009216944926882544,0.004121943080276239,25,5,0.0737216792,0.0007471628743006473,0.0003341413954400756,0.000684,6.228964600958972e-05,2.7856776554368226e-05,0.0006720000000000001,0.00018417383093154144,8.236504112789601e-05,528451.2560838609,0.0,0.0,214524.01151153506,956.365901196521,427.6998332876537,0.023734150023,0.16009449790866992,0.175576,0.0024794515522590832,0.0011088444435537364,25,5,0.0556743824,0.0011570339794166882,0.0005174413260505614,0.000732,0.0001584929020492716,7.08801805866774e-05,0.000736,0.00030146309890266847,0.00013481839637082178,239321.86005530632,1702.8315068791228,761.5294007220239,165321.60257413334,2608.176452604939,1166.4119690677805,0.04735033005179999,0.16009449790866992,0.079296,0.0009517772848728875,0.0004256477416831917,-2.8246848513061105,0.0036934676690045876,0.00165176895611839,25,5,0.0,0.0,0.0,0.22644799999999998,0.0012129798019752769,0.0005424610585101906,0.22747199999999998,0.0019321283601251656,0.0008640740708990128,528451.2560838609,0.0,0.0,0.0,0.0,0.0,0.023734150023,0.16009449790866992,0.17906399999999997,0.0009864481740061227,0.00044115303467164626,25,5,0.0,0.0,0.0,0.226892,0.0017839618830008774,0.0007978120079316977,0.22590400000000002,0.006637686343900269,0.0029684635756566094,239210.1839657173,1748.0072949513615,781.7326273353538,0.0,0.0,0.0,0.046694325051,0.16009449790866992,0.07975600000000001,0.0016169972170662554,0.000723143139357626,-1.5487542165106003,0.012089857409707859,0.005406748601277259,25,5
15,20260805,0.11503974720000001,0.0007954524163852892,0.0003557371351807948,0.0006280000000000001,0.00014805404418657397,6.621178142898739e-05,0.000768,0.00026290682760247974,0.00011757550765359254,1954144.81701459,0.0,0.0,789193.6446525159,6117.651634405944,2735.8969834388763,0.013111499996,0.15978647197969886,0.274656,0.0005080157477873865,0.0002271915491385969,25,5,0.057177182800000004,0.0013262727264040388,0.0005931271945886821,0.0009759999999999998,0.00011781341180018514,5.2687759489277965e-05,0.0009599999999999999,0.00036660605559646727,0.0001639512122553536,1022272.8088945163,12777.531310220887,5714.285718857172,412733.2818672162,5562.898876229518,2487.804007841278,0.018111499992,0.15978647197969886,0.137152,0.0030776809451273685,0.001376380761272119,25,5,0.08304436279999998,0.0011496843408539126,0.0005141544677632774,0.00022799999999999999,8.318653737234169e-05,3.720215047547655e-05,0.000256,0.00010430723848324238,4.66476151587624e-05,503134.15784488694,18257.418587156997,8164.965810910243,309452.7631278199,13189.463932953813,5898.507588173291,0.028111499996,0.15978647197969886,0.131884,0.000990545304365226,0.0004429853270707729,0.9651973738573959,0.005419127108536778,0.002423507318680023,25,5,0.0,0.0,0.0,0.22610800000000003,0.0018386190470024003,0.0008222554347646496,0.22547200000000003,0.0019932686723068745,0.0008914168497397847,1954144.81701459,0.0,0.0,0.0,0.0,0.0,0.013111499996,0.15978647197969886,0.2735,0.0011783038657324338,0.0005269535083857014,25,5,0.0,0.0,0.0,0.30872,0.002124758809841736,0.000950221026919534,0.30945600000000006,0.00706708426439082,0.003160496163579394,1462578.27217182,21310.771179369447,9530.466602002689,0.0,0.0,0.0,0.015361499994199997,0.15978647197969886,0.19876000000000002,0.0013649175799292737,0.0006104096984812716,25,5,0.0,0.0,0.0,0.00018800000000000002,7.563068160475614e-05,3.382306905057552e-05,0.00022400000000000002,0.0001639512122553536,7.332121111929345e-05,503134.15784488694,18257.418587156997,8164.965810910243,0.0,0.0,0.0,0.028111499996,0.15978647197969886,0.131556,0.0011544176020834055,0.0005162712465361594,0.014317360795338362,0.012495064874820355,0.005587962888673643,25,5,0.073899132,0.000536875168079138,0.00024009787425131554,0.000848,0.00013007690033207278,5.8172158288995936e-05,0.000848,0.0001841738309315414,8.236504112789599e-05,536581.2754081485,11132.487442163176,4978.599735867923,216966.6133029182,4698.897599766769,2101.410890477819,0.023734150023,0.15993288835943353,0.17682399999999998,0.0016333646255505888,0.0007304628669549212,25,5,0.055738614799999996,0.0017298812556621325,0.0007736264161326442,0.0008,0.0001555634918610405,6.957010852370436e-05,0.000848,0.00023731835158706118,0.00010613199329137277,238428.4513383819,0.0,0.0,164877.447774619,4390.91149510331,1963.675317247247,0.046694325051,0.15993288835943353,0.07922400000000002,0.001325850670324529,0.0005929384453718619,-2.8273038075927097,0.010616432405674735,0.004747812907524066,25,5,0.0,0.0,0.0,0.225304,0.002803512083084359,0.001253768718703733,0.22502399999999997,0.0034744323277335655,0.001553813373607016,532516.2657460048,9089.637933747079,4065.0096621438393,0.0,0.0,0.0,0.023734150023,0.15993288835943353,0.17645999999999998,0.002191118435867857,0.0009798979538707083,25,5,0.0,0.0,0.0,0.22497599999999998,0.0015978360366445596,0.000714573998967216,0.223936,0.0012742370266163347,0.0005698561221922666,238428.4513383819,0.0,0.0,0.0,0.0,0.0,0.046694325051,0.15993288835943353,0.078676,0.00142059142613209,0.0006353077994169449,-1.5572779805093808,0.011142032096665247,0.004982868235125599,25,5
16,20260805,0.11643990519999999,0.00081063889647931,0.00036252873554663037,0.000232,4.8166378315169196e-05,2.154065922853802e-05,0.00014400000000000003,0.0001043072384832424,4.6647615158762406e-05,1954144.81701459,0.0,0.0,802295.26415683,2980.0760640532094,1332.7305314685987,0.013111499996,0.1597065761074148,0.27349999999999997,0.0014027829482852964,0.0006273436060086989,25,5,0.05704448999999999,0.0006786514243335817,0.0003035021435673887,0.000496,6.841052550594826e-05,3.05941170815567e-05,0.0005120000000000001,0.0001559487095169434,6.974238309665077e-05,1027987.0946133735,0.0,0.0,420121.5351296368,1946.3833345998726,870.4490892876066,0.018111499992,0.1597065761074148,0.13532399999999997,0.001998269251127078,0.0008936531765735489,25,5,0.08508064800000001,0.0011786198405005358,0.0005270948165978315,6.4e-05,4.5607017003965516e-05,2.0396078054371136e-05,4.800000000000001e-05,4.381780460041329e-05,1.9595917942265424e-05,509800.8245128868,14907.119852980002,6666.666667999991,320573.7387449207,9502.020793150954,4249.4328834204,0.028111499996,0.1597065761074148,0.132098,0.0013013339310107947,0.0005819742262334317,0.9784234691891432,0.004128385190330123,0.0018462699845763126,25,5,0.0,0.0,0.0,0.22432,0.0008104319835741914,0.000362436201282377,0.225072,0.002911274634932259,0.001301961596975883,1954144.81701459,0.0,0.0,0.0,0.0,0.0,0.013111499996,0.1597065761074148,0.27386799999999994,0.0024400245900400345,0.0010912121700201146,25,5,0.0,0.0,0.0,0.309048,0.0016673691852736067,0.0007456701683720452,0.31134399999999995,0.002806506725450698,0.00125510796348362,1440108.7387482228,17717.546928135256,7923.527865170602,0.0,0.0,0.0,0.015111499994399999,0.1597065761074148,0.19923600000000002,0.00043298960726557924,0.00019363883907935438,25,5,0.0,0.0,0.0,7.599999999999999e-05,3.847076812334268e-05,1.720465053408525e-05,9.6e-05,3.577708763999664e-05,1.6000000000000003e-05,496467.49117688683,18257.418587156997,8164.965810910243,0.0,0.0,0.0,0.028111499996,0.1597065761074148,0.132322,0.0013303082349591137,0.000594931928879268,0.025284288692241363,0.013054525130476953,0.005838161121145155,25,5,0.0749825912,0.0010996565332826453,0.0004917813520643509,0.000364,5.727128425310542e-05,2.5612496949731398e-05,0.000288,7.155417527999328e-05,3.2000000000000005e-05,528451.2560838609,0.0,0.0,216739.65906493645,469.5701116105183,209.99813795265644,0.023734150023,0.15987842864897395,0.176832,0.0025066152476995664,0.0011209924174587407,25,5,0.05632458480000001,0.0025766869157367953,0.0011523294200643493,0.000364,0.000112605506082074,5.0358713248056694e-05,0.00044800000000000005,0.0001926655132606767,8.616263691415205e-05,239210.1839657173,1748.0072949513612,781.7326273353538,165810.14540611938,5562.980154525233,2487.840356600141,0.046694325051,0.15987842864897395,0.079852,0.0014640765007334858,0.000654754915980019,-2.830492232811698,0.014377566461055976,0.006429843191588448,25,5,0.0,0.0,0.0,0.225868,0.002149260337883701,0.0009611784433704244,0.22896,0.003991591161429229,0.0017850938350686186,528451.2560838609,0.0,0.0,0.0,0.0,0.0,0.023734150023,0.15987842864897395,0.17744,0.0007601315675592023,0.00033994117138117,25,5,0.0,0.0,0.0,0.223416,0.001574001270647519,0.0007039147675677793,0.223536,0.0027582023131017745,0.0012335055735585453,238428.4513383819,0.0,0.0,0.0,0.0,0.0,0.046694325051,0.15987842864897395,0.07933199999999999,0.0010812585259779477,0.0004835535130675826,-1.5501000420326148,0.008414608252939394,0.003763127211520646,25,5
17,20260805,0.11652537999999998,0.0006998945291970853,0.0003130023488729788,3.2000000000000005e-05,2.280350850198276e-05,1.019803902718557e-05,6.400000000000001e-05,6.693280212272606e-05,2.9933259094191536e-05,1954144.81701459,0.0,0.0,804609.9308253484,1673.3200544068172,748.3314779534579,0.013111499996,0.1597065761074148,0.273088,0.0016641874894374386,0.0007442472707373652,25,5,0.058102799999999996,0.00036612616336449157,0.00016373659792483924,6.000000000000001e-05,1.4142135623730951e-05,6.324555320336758e-06,3.2000000000000005e-05,4.38178046004133e-05,1.9595917942265427e-05,1027987.0946133735,0.0,0.0,425511.4342585641,509.01276983631965,227.63743095389304,0.018111499992,0.1597065761074148,0.13604,0.0008494704232638125,0.0003798947222586807,25,5,0.085439406,0.0005221764461247725,0.00023352440595684958,0.0,0.0,0.0,0.0,0.0,0.0,516467.49118088686,0.0,0.0,325699.9370633634,2129.176961021818,952.196884194241,0.028111499996,0.1597065761074148,0.13235800000000003,0.0008235714905216061,0.000368312367427427,0.9794773569551474,0.0046682309264416254,0.002087696337238059,25,5,0.0,0.0,0.0,0.224364,0.002215192993849512,0.0009906644235057565,0.224336,0.004582191615373601,0.0020492183875809884,1954144.81701459,0.0,0.0,0.0,0.0,0.0,0.013111499996,0.1597065761074148,0.27274400000000004,0.0015376215399115734,0.0006876452573820368,25,5,0.0,0.0,0.0,0.310404,0.002879145706628964,0.001287593103429806,0.311744,0.004920292674221738,0.0022004217777508066,1453047.8055698175,0.0,0.0,0.0,0.0,0.0,0.015611499994,0.1597065761074148,0.19898800000000003,0.00088437548586559,0.00039550474080597274,25,5,0.0,0.0,0.0,2.0000000000000005e-05,2.4494897427831785e-05,1.0954451150103323e-05,0.0,0.0,0.0,516467.49118088686,0.0,0.0,0.0,0.0,0.0,0.028111499996,0.1597065761074148,0.13195600000000002,0.001547976098006675,0.0006922759565375603,0.013781897254477237,0.00761982796208381,0.0034076906600146177,25,5,0.07578992,0.0006641034413026382,0.00029699608776884807,5.2e-05,1.7888543819998313e-05,7.999999999999998e-06,1.6000000000000003e-05,3.577708763999664e-05,1.6000000000000003e-05,528451.2560838609,0.0,0.0,218407.89571892758,188.4262107834423,84.26676321089617,0.023734150023,0.15987842864897395,0.17736800000000003,0.001705555627940636,0.0007627476646965203,25,5,0.0557092716,0.0015859528199832417,0.000709259662918003,1.2000000000000002e-05,1.0954451150103323e-05,4.898979485566356e-06,1.6000000000000003e-05,3.577708763999664e-05,1.6000000000000003e-05,238428.4513383819,0.0,0.0,165253.41797454745,3529.6479712146515,1578.5065600560363,0.046694325051,0.15987842864897395,0.079008,0.0007975713134259536,0.00035668473474484457,-2.824278547887123,0.008294108433485705,0.003709238054005666,25,5,0.0,0.0,0.0,0.22512,0.0008310234653726735,0.0003716449918941481,0.22515200000000002,0.0029140212765180725,0.0013031899324350243,528451.2560838609,0.0,0.0,0.0,0.0,0.0,0.023734150023,0.15987842864897395,0.178624,0.001426772581738244,0.0006380720962399177,25,5,0.0,0.0,0.0,0.225728,0.0019714766039697347,0.0008816711405053517,0.223648,0.0037966722270957234,0.0016979234376143112,239210.1839657173,1748.0072949513744,781.7326273353596,0.0,0.0,0.0,0.046694325051,0.15987842864897395,0.079488,0.001487790307805509,0.0006653600529036908,-1.5590138749499214,0.005995192407909391,0.002681131552455209,25,5
18,20260805,0.11682793760000001,0.0006163986427781927,0.00027566185329812976,2.4000000000000004e-05,1.673320053068151e-05,7.483314773547882e-06,3.2000000000000005e-05,7.155417527999328e-05,3.2000000000000005e-05,1954144.81701459,0.0,0.0,805473.9308260396,1645.746032756454,736.0000005888053,0.013111499996,0.1597065761074148,0.27352,0.0013037637822857404,0.0005830608887586303,25,5,0.05762381999999999,0.00015260408988621385,6.824662372601246e-05,3.2000000000000005e-05,2.280350850198276e-05,1.019803902718557e-05,6.400000000000001e-05,6.693280212272606e-05,2.9933259094191536e-05,1027987.0946133735,0.0,0.0,424964.71847766347,905.7638569615759,405.069911145696,0.018111499992,0.1597065761074148,0.135048,0.0002988645178002941,0.0001336562755728307,25,5,0.08536682240000001,0.0008988970802885638,0.00040199899526026297,1.6000000000000003e-05,8.94427190999916e-06,4.000000000000001e-06,1.6000000000000003e-05,3.577708763999664e-05,1.6000000000000003e-05,516467.49118088686,0.0,0.0,325124.5525053333,1847.2841337860366,826.1305793804787,0.028111499996,0.1597065761074148,0.13246799999999997,0.0008885775149079715,0.0003973839453224114,0.9784847267876196,0.004147988027383815,0.0018550366398170938,25,5,0.0,0.0,0.0,0.22581199999999998,0.0012856593639063282,0.0005749643467207379,0.22667199999999998,0.0036719912853926955,0.0016421644253849794,1954144.81701459,0.0,0.0,0.0,0.0,0.0,0.013111499996,0.1597065761074148,0.27324000000000004,0.001836954000512802,0.0008215108033373617,25,5,0.0,0.0,0.0,0.30988000000000004,0.002646129248543996,0.0011833849753989621,0.306272,0.0019494409455020727,0.0008718164944528195,1446578.2721590202,14466.316489248971,6469.53341079736,0.0,0.0,0.0,0.015361499994199997,0.1597065761074148,0.199108,0.000846711284913579,0.000378660798076591,25,5,0.0,0.0,0.0,8.000000000000001e-06,1.0954451150103323e-05,4.898979485566356e-06,0.0,0.0,0.0,516467.49118088686,0.0,0.0,0.0,0.0,0.0,0.028111499996,0.1597065761074148,0.13179400000000002,0.0006104752247225087,0.0002730128202117979,0.01172227169358835,0.008793215398965791,0.003932445474577088,25,5,0.0758581,0.000404040624504519,0.00018069246041271434,3.2000000000000005e-05,2.280350850198276e-05,1.019803902718557e-05,3.2000000000000005e-05,7.155417527999328e-05,3.2000000000000005e-05,528451.2560838609,0.0,0.0,218288.91199903135,454.48189668737865,203.25048310720302,0.023734150023,0.15987842864897395,0.17761600000000002,0.0008512813870865426,0.0003807046099011641,25,5,0.05636117119999999,0.0009973472178440186,0.00044602723525390337,2.8000000000000003e-05,2.2803508501982765e-05,1.0198039027185571e-05,1.6000000000000003e-05,3.577708763999664e-05,1.6000000000000003e-05,238428.4513383819,0.0,0.0,166954.2821388805,3295.052683406071,1473.5923579078135,0.046694325051,0.15987842864897395,0.079128,0.0009629745583347473,0.0004306553146078663,-2.8279156207536813,0.00978501378404225,0.004375991196378184,25,5,0.0,0.0,0.0,0.22409999999999997,0.0023162469643800932,0.0010358571330062844,0.22479999999999997,0.005684786715436206,0.0025423139066606216,532516.2657460046,9089.637933747079,4065.0096621438393,0.0,0.0,0.0,0.023734150023,0.15987842864897395,0.17721599999999998,0.0011922583612623482,0.0005331941485050225,25,5,0.0,0.0,0.0,0.22479999999999997,0.0008346256645946192,0.0003732559443599016,0.227296,0.002507843695288852,0.0011215417959220284,238428.4513383819,0.0,0.0,0.0,0.0,0.0,0.046694325051,0.15987842864897395,0.078332,0.0003783120405168182,0.00016918628786045202,-1.559642069157923,0.006964162626487647,0.003114468207837971,25,5
19,20260805,0.11730771,0.0007978208370304677,0.0003567963250931814,8.000000000000001e-06,1.0954451150103324e-05,4.898979485566357e-06,0.0,0.0,0.0,1954144.81701459,0.0,0.0,806209.9308266283,0.0,0.0,0.013111499996,0.1597065680820472,0.274404,0.001866247572001084,0.0008346112867676713,25,5,0.058092200000000004,0.0004435838266325733,0.0001983767180139831,8.000000000000001e-06,1.0954451150103323e-05,4.898979485566356e-06,1.6000000000000003e-05,3.577708763999664e-05,1.6000000000000003e-05,1027987.0946133735,0.0,0.0,425621.86133533204,511.10125240880626,228.57142875427377,0.018111499992,0.1597065680820472,0.135952,0.0009340877903066814,0.00041773675921566173,25,5,0.08571245680000002,0.001275940915380566,0.0005706181244128505,1.2000000000000002e-05,2.683281572999748e-05,1.2e-05,0.0,0.0,0.0,509800.82451288693,14907.119852980002,6666.666667999991,322713.4432434952,9482.608186013853,4240.751301584589,0.028111499996,0.1597065680820472,0.13219799999999998,0.0016283027973936549,0.000728199148585056,0.9824786624197148,0.0033076884459873404,0.0014792432427236668,25,5,0.0,0.0,0.0,0.22404799999999997,0.002162803735894703,0.0009672352350902115,0.22617600000000002,0.00346567165207554,0.0015498954803469813,1954144.81701459,0.0,0.0,0.0,0.0,0.0,0.013111499996,0.1597065680820472,0.27335200000000004,0.0015483927150435701,0.0006924622733405768,25,5,0.0,0.0,0.0,0.31096,0.0013722244714331345,0.0006136774397026413,0.310224,0.0024847696070259702,0.0011112227499471016,1440108.7387482228,17717.54692813513,7923.527865170546,0.0,0.0,0.0,0.015111499994399999,0.1597065680820472,0.197512,0.0013087856967433722,0.0005853067571795211,25,5,0.0,0.0,0.0,8.000000000000001e-06,1.0954451150103324e-05,4.898979485566357e-06,1.6000000000000003e-05,3.5777087639996646e-05,1.6000000000000003e-05,509800.82451288693,14907.119852980002,6666.666667999991,0.0,0.0,0.0,0.028111499996,0.1597065680820472,0.13134200000000001,0.0005330759795751516,0.0002383988255004657,0.00445638474509458,0.0035722003173801744,0.0015975365477816786,25,5,0.07569656999999999,0.0005286707749157286,0.00023642875808581193,1.2000000000000002e-05,1.0954451150103323e-05,4.898979485566356e-06,0.0,0.0,0.0,528451.2560838609,0.0,0.0,218492.1624821385,2.9103830456733704e-11,1.3015628661377062e-11,0.023734150023,0.159878422950533,0.177068,0.0012366567834286124,0.0005530497265165225,25,5,0.056014028400000006,0.0014187681458324316,0.0006344924036785303,3.600000000000001e-05,2.60768096208106e-05,1.1661903789690601e-05,3.2000000000000005e-05,4.381780460041329e-05,1.9595917942265424e-05,238428.4513383819,0.0,0.0,165782.12926721355,3779.959383316861,1690.449226656937,0.046694325051,0.159878422950533,0.079192,0.0009248351204403992,0.00041359883945678755,-2.827588228753439,0.010210273422832553,0.004566173088462608,25,5,0.0,0.0,0.0,0.22500399999999998,0.001457285147114311,0.0006517177303096761,0.22368000000000002,0.002599692289483524,0.0011626177359734442,528451.2560838609,0.0,0.0,0.0,0.0,0.0,0.023734150023,0.159878422950533,0.178524,0.002937393402321184,0.0013136422648499112,25,5,0.0,0.0,0.0,0.225528,0.001747604074154082,0.0007815523015128221,0.226512,0.0043254040273713055,0.0019343794870707199,238428.4513383819,0.0,0.0,0.0,0.0,0.0,0.046694325051,0.159878422950533,0.07958799999999999,0.0012767615282424515,0.0005709851136413278,-1.5593113673163734,0.005481690335051463,0.002451486444155734,25,5
20,20260805,0.11672113000000002,0.0010819878815171615,0.0004838796907806723,8.000000000000001e-06,1.0954451150103323e-05,4.898979485566356e-06,1.6000000000000003e-05,3.577708763999664e-05,1.6000000000000003e-05,1954144.81701459,0.0,0.0,805676.5974928684,1192.5695889539682,533.333333760011,0.013111499996,0.1597065680820472,0.273156,0.002312894290710232,0.001034357771759848,25,5,0.058701340000000005,0.00044285272439039894,0.00019804975915158223,1.2000000000000002e-05,1.788854381999832e-05,8.000000000000001e-06,3.2000000000000005e-05,4.381780460041329e-05,1.9595917942265424e-05,1027987.0946133735,0.0,0.0,425511.434258564,509.0127698362967,227.63743095388276,0.018111499992,0.1597065680820472,0.13744,0.001009950493836207,0.0004516635916254483,25,5,0.08545203780000002,0.000678222668753928,0.00030331039824302113,0.0,0.0,0.0,0.0,0.0,0.0,489800.8245088869,14907.119852980002,6666.666667999991,309175.40226112225,8424.07872552149,3767.3625356151683,0.028111499996,0.1597065680820472,0.13205,0.0007572648149755806,0.0003386591206508398,0.9811680487919683,0.004929662533207084,0.002204612106076971,25,5,0.0,0.0,0.0,0.22578,0.002096997854076165,0.0009378059500770978,0.223008,0.0023963972959424058,0.00107170145096478,1954144.81701459,0.0,0.0,0.0,0.0,0.0,0.013111499996,0.1597065680820472,0.273572,0.0018220098792267852,0.0008148275891254546,25,5,0.0,0.0,0.0,0.309988,0.001008821094149044,0.0004511585087305955,0.308496,0.004066408734989647,0.0018185532711471556,1453047.8055698175,0.0,0.0,0.0,0.0,0.0,0.015611499994,0.1597065680820472,0.196432,0.0014879247292790007,0.0006654201680141635,25,5,0.0,0.0,0.0,0.0,0.0,0.0,0.0,0.0,0.0,509800.82451288693,14907.119852980004,6666.666667999992,0.0,0.0,0.0,0.028111499996,0.1597065680820472,0.131488,0.0007257203318083399,0.00032455199891543015,0.02089622174889054,0.009695770604587244,0.004336080433220263,25,5,0.07593938999999998,0.0008728205846564386,0.00039033723189058127,1.2000000000000002e-05,1.788854381999832e-05,8.000000000000001e-06,0.0,0.0,0.0,532516.2657460048,9089.637933747079,4065.0096621438393,220229.954112705,3885.8202166768533,1737.7916305664812,0.023734150023,0.159878422950533,0.177636,0.002041685578143714,0.0009130695482820607,25,5,0.0560574492,0.001129562047951857,0.0005051555048048459,1.2000000000000002e-05,1.0954451150103323e-05,4.898979485566356e-06,1.6000000000000003e-05,3.577708763999664e-05,1.6000000000000003e-05,238428.4513383819,0.0,0.0,167634.55298678187,3471.057334751072,1552.304030860528,0.046694325051,0.159878422950533,0.078424,0.0018323973368240855,0.0008194730013856467,-2.8301011806757876,0.0076549211269377315,0.0034233848004464125,25,5,0.0,0.0,0.0,0.22554000000000002,0.0014324105556717994,0.000640593474834078,0.22655999999999996,0.004689392284720915,0.002097159984359803,528451.2560838609,0.0,0.0,0.0,0.0,0.0,0.023734150023,0.159878422950533,0.17675999999999997,0.0010355674772799712,0.00046311985489719693,25,5,0.0,0.0,0.0,0.22511200000000003,0.001559204925595097,0.0006972976408966277,0.224816,0.006637445291676611,0.0029683557738249644,238428.4513383819,0.0,0.0,0.0,0.0,0.0,0.046694325051,0.159878422950533,0.079036,0.0008552660404809749,0.0003824866010725094,-1.5494595151742456,0.016624923860404275,0.007434891974524437,25,5
21,20260805,0.11754131999999999,0.0010054612359509463,0.00044965593446545427,2.8000000000000003e-05,2.2803508501982765e-05,1.0198039027185571e-05,1.6000000000000003e-05,3.577708763999664e-05,1.6000000000000003e-05,1954144.81701459,0.0,0.0,805809.9308263084,894.4271917154631,400.0000003200024,0.013111499996,0.1597065680820472,0.27508,0.0023089391503458923,0.0010325889792168043,25,5,0.05859065,0.00021928521952014417,9.806733146160123e-05,1.6000000000000003e-05,2.6076809620810595e-05,1.16619037896906e-05,3.2000000000000005e-05,4.381780460041329e-05,1.9595917942265424e-05,1027987.0946133735,0.0,0.0,425393.2899065777,625.9686376495195,279.9416851134519,0.018111499992,0.1597065680820472,0.13718,0.0004294182110716713,0.00019204166214652197,25,5,0.08551335680000001,0.0012366898668911316,0.0005530645218907473,8.000000000000001e-06,1.0954451150103323e-05,4.898979485566356e-06,1.6000000000000003e-05,3.577708763999664e-05,1.6000000000000003e-05,516467.49118088686,0.0,0.0,324514.1826565798,1876.7922513995459,839.3270107548518,0.028111499996,0.1597065680820472,0.13294999999999998,0.0016111641753713392,0.0007205345238085414,0.9771612778450555,0.004774508024227053,0.0021352249002579804,25,5,0.0,0.0,0.0,0.225296,0.0026756083420410998,0.0011965684267938813,0.22598400000000002,0.006249070330857227,0.0027946692111947722,1954144.81701459,0.0,0.0,0.0,0.0,0.0,0.013111499996,0.1597065680820472,0.273972,0.0019366259318722243,0.000866085446131034,25,5,0.0,0.0,0.0,0.312052,0.0006265141658414444,0.00028018565273760926,0.31384,0.003552576529787929,0.001588760523175223,1453047.8055698175,0.0,0.0,0.0,0.0,0.0,0.015611499994,0.1597065680820472,0.197556,0.001693068220716461,0.0007571631264133248,25,5,0.0,0.0,0.0,0.0,0.0,0.0,0.0,0.0,0.0,503134.15784488694,18257.418587156997,8164.965810910243,0.0,0.0,0.0,0.028111499996,0.1597065680820472,0.131442,0.0011166333328357998,0.0004993736076325993,0.01642643797215227,0.01600618689614086,0.007158184392067466,25,5,0.07571777999999998,0.0007793458078735016,0.00034853404087692804,3.2000000000000005e-05,1.7888543819998323e-05,8.000000000000001e-06,1.6000000000000003e-05,3.577708763999664e-05,1.6000000000000003e-05,528451.2560838609,0.0,0.0,218390.5372405849,227.2409483436535,101.6252415535855,0.023734150023,0.159878422950533,0.17719999999999997,0.0017896927110540638,0.0008003749121505551,25,5,0.05584880560000001,0.002310344068258842,0.001033217277608037,1.2000000000000002e-05,1.788854381999832e-05,8.000000000000001e-06,0.0,0.0,0.0,238428.4513383819,0.0,0.0,165076.75748627857,4845.900411044255,2167.152546257825,0.046694325051,0.159878422950533,0.079296,0.0013563480379312645,0.0006065772827925541,-2.8248690257962465,0.011386423697107372,0.005092163481469312,25,5,0.0,0.0,0.0,0.223604,0.0016784754987785812,0.0007506370627673545,0.226464,0.0027767030809937076,0.001241779368487007,528451.2560838609,0.0,0.0,0.0,0.0,0.0,0.023734150023,0.159878422950533,0.17721599999999998,0.0016483567575012468,0.0007371675521887848,25,5,0.0,0.0,0.0,0.22533599999999998,0.002112174235237224,0.0009445930340628128,0.22715199999999997,0.004792527516874582,0.002143283462353967,238428.4513383819,0.0,0.0,0.0,0.0,0.0,0.046694325051,0.159878422950533,0.07939199999999999,0.0008182420179873488,0.00036592895485326347,-1.5450889587669203,0.011456123594833164,0.005123334223337242,25,5
22,20260805,0.11627703999999998,0.000506474317463376,0.00022650220054118352,1.2000000000000002e-05,1.0954451150103323e-05,4.898979485566356e-06,1.6000000000000003e-05,3.577708763999664e-05,1.6000000000000003e-05,1954144.81701459,0.0,0.0,805676.5974928683,1192.5695889539682,533.333333760011,0.013111499996,0.1597065680820472,0.27212,0.0009508943158942718,0.00042525286595155004,25,5,0.05841504999999999,0.0004278851379167087,0.00019135605098872667,2e-05,1.4142135623730951e-05,6.324555320336758e-06,3.2000000000000005e-05,4.381780460041329e-05,1.9595917942265424e-05,1027987.0946133735,0.0,0.0,425393.2899065778,625.9686376495195,279.9416851134519,0.018111499992,0.1597065680820472,0.136772,0.000986569815066312,0.00044120743420753396,25,5,0.0853423826,0.0009257098234097444,0.0004139900185167029,4.000000000000001e-06,8.94427190999916e-06,4.000000000000001e-06,0.0,0.0,0.0,509800.82451288693,14907.119852980002,6666.666667999991,320575.41617232584,9688.547691418564,4332.850248252113,0.028111499996,0.1597065680820472,0.13256,0.0007600986778044003,0.00033992646263566995,0.9776687399860029,0.0058003354862068614,0.002593988887892567,25,5,0.0,0.0,0.0,0.224472,0.0014070963008977011,0.0006292725959391516,0.22224,0.0023785709995709607,0.001063729288870058,1954144.81701459,0.0,0.0,0.0,0.0,0.0,0.013111499996,0.1597065680820472,0.27312,0.0017075128110793265,0.000763622943605026,25,5,0.0,0.0,0.0,0.308928,0.0019389481684666037,0.0008671239819080079,0.30952,0.0010307278981380068,0.0004609555293084124,1453047.8055698175,0.0,0.0,0.0,0.0,0.0,0.015611499994,0.1597065680820472,0.197624,0.0010039322686317125,0.00044897215949321774,25,5,0.0,0.0,0.0,8.000000000000001e-06,1.0954451150103324e-05,4.898979485566357e-06,0.0,0.0,0.0,509800.82451288693,14907.119852980002,6666.666667999991,0.0,0.0,0.0,0.028111499996,0.1597065680820472,0.132546,0.001495687133059587,0.0006688916205186019,0.012481408682264786,0.011811426922458144,0.00528223070197751,25,5,0.07619076,0.001096925348075247,0.0004905599289077741,8.000000000000001e-06,1.0954451150103323e-05,4.898979485566356e-06,0.0,0.0,0.0,532516.2657460048,9089.637933747079,4065.0096621438393,220229.954112705,3885.8202166768465,1737.791630566478,0.023734150023,0.159878422950533,0.178224,0.0025659072469596494,0.0011475086056322232,25,5,0.05730692279999999,0.0016208243703428184,0.0007248546943349672,2.4000000000000004e-05,2.60768096208106e-05,1.1661903789690601e-05,0.0,0.0,0.0,239210.18396571727,1748.0072949513612,781.7326273353538,168794.80197562886,2133.3536007238426,954.0647342524913,0.046694325051,0.159878422950533,0.079816,0.0016333646255505892,0.0007304628669549215,-2.825569887206916,0.010461296796654909,0.004678434154024234,25,5,0.0,0.0,0.0,0.226276,0.0015874759840703077,0.0007099408426059163,0.226464,0.0023828722164648325,0.0010656528515421918,528451.2560838609,0.0,0.0,0.0,0.0,0.0,0.023734150023,0.159878422950533,0.17758800000000002,0.0008603022724600985,0.0003847388724836651,25,5,0.0,0.0,0.0,0.224884,0.0012296666214873012,0.0005499236310616218,0.22496,0.0031754054859182918,0.0014200845045278102,238428.4513383819,0.0,0.0,0.0,0.0,0.0,0.046694325051,0.159878422950533,0.07949599999999998,0.001208254939985769,0.0005403480359916216,-1.5506353794524004,0.008219380588196483,0.003675818745629908,25,5
23,20260805,0.11653845,0.0005191707919846815,0.00023218023656203015,8.000000000000001e-06,1.0954451150103323e-05,4.898979485566356e-06,1.6000000000000003e-05,3.577708763999664e-05,1.6000000000000003e-05,1954144.81701459,0.0,0.0,806057.3929781283,341.08499838797945,152.53784850018565,0.013111499996,0.1597065680820472,0.272732,0.0010683257930051394,0.00047776981905517217,25,5,0.05837256,0.0006162349850097786,0.00027558866331908575,2.4000000000000004e-05,1.6733200530681514e-05,7.483314773547884e-06,0.0,0.0,0.0,1027987.0946133735,0.0,0.0,425850.4327640863,0.0,0.0,0.018111499992,0.1597065680820472,0.136544,0.0014414853450521027,0.0006446518440212483,25,5,0.084767194,0.0007606183585290964,0.0003401588709210733,4.000000000000001e-06,8.94427190999916e-06,4.000000000000001e-06,0.0,0.0,0.0,509800.82451288693,14907.119852980002,6666.666667999991,321165.68752045743,9750.53642182469,4360.572451257514,0.028111499996,0.1597065680820472,0.131414,0.001088774540481167,0.0004869147769373972,0.9789576843623481,0.002626097603904493,0.0011744265515759526,25,5,0.0,0.0,0.0,0.225732,0.001768140265929149,0.0007907363656744265,0.22614400000000004,0.0033444401624188073,0.001495679109969778,1954144.81701459,0.0,0.0,0.0,0.0,0.0,0.013111499996,0.1597065680820472,0.27370000000000005,0.0021059439688653025,0.0009418067742377034,25,5,0.0,0.0,0.0,0.30984,0.0010550829351287823,0.00047184743296959156,0.310992,0.004730699736825392,0.002115633238536388,1453047.8055698175,0.0,0.0,0.0,0.0,0.0,0.015611499994,0.1597065680820472,0.197988,0.001621332785087632,0.0007250820643210004,25,5,0.0,0.0,0.0,1.2000000000000002e-05,1.788854381999832e-05,8.000000000000001e-06,1.6000000000000003e-05,3.577708763999664e-05,1.6000000000000003e-05,509800.82451288693,14907.119852980004,6666.666667999992,0.0,0.0,0.0,0.028111499996,0.1597065680820472,0.13262200000000002,0.0007539363368348739,0.00033717057997399133,0.01666188341509159,0.011574181802287718,0.005176131458771273,25,5,0.07595347999999999,0.000995430397240309,0.00044517000701979,1.6000000000000003e-05,2.190890230020665e-05,9.797958971132714e-06,4.800000000000001e-05,7.155417527999328e-05,3.2000000000000005e-05,528451.2560838609,0.0,0.0,218166.96170916696,494.7385636713425,221.25381189194593,0.023734150023,0.159878422950533,0.17792000000000002,0.002519801579489931,0.0011268895243101652,25,5,0.0568455504,0.0016767288658846434,0.0007498559447908381,2.0000000000000005e-05,2e-05,8.94427190999916e-06,0.0,0.0,0.0,238428.4513383819,0.0,0.0,168392.87985032535,2304.7857033930595,1030.7315012713098,0.046694325051,0.159878422950533,0.079108,0.0018901640140474559,0.0008453070448067956,-2.831466758938852,0.007999199299206977,0.003577350679719096,25,5,0.0,0.0,0.0,0.224188,0.0018953944180565756,0.0008476461525896315,0.224688,0.002622731400658498,0.0011729211397191275,532516.2657460048,9089.637933747079,4065.0096621438393,0.0,0.0,0.0,0.023734150023,0.159878422950533,0.176648,0.001474150602889685,0.0006592601914267267,25,5,0.0,0.0,0.0,0.22636000000000003,0.002070941814730689,0.0009261533350369191,0.22665599999999997,0.0033649487366080298,0.0015048508231715178,238428.4513383819,2.9103830456733704e-11,1.3015628661377062e-11,0.0,0.0,0.0,0.046694325051,0.159878422950533,0.07879599999999999,0.0008616727917254866,0.00038535178733204123,-1.5496474335390586,0.011397339491679117,0.00509704517320748,25,5
