distance,R_sk-BB84,QBER-BB84,Throughputs-BB84,Latency-BB84,Loss-BB84,R_s-BB84,R_sk-B92,QBER-B92,Throughputs-B92,Latency-B92,Loss-B92,R_s-B92,R_sk-COW,QBER-COW,Throughputs-COW,Latency-COW,Loss-COW,R_s-COW,Visibility-COW,R_sk-BB84+Eve,QBER-BB84+Eve,Throughputs-BB84+Eve,Latency-BB84+Eve,Loss-BB84+Eve,R_s-BB84+Eve,R_sk-B92+Eve,QBER-B92+Eve,Throughputs-B92+Eve,Latency-B92+Eve,Loss-B92+Eve,R_s-B92+Eve,R_sk-COW+Eve,QBER-COW+Eve,Throughputs-COW+Eve,Latency-COW+Eve,Loss-COW+Eve,R_s-COW+Eve,Visibility-COW+Eve
1000,0.2438336783535503,0.0143,1103143.9607735882,0.009064999996,0.045007413978564004,0.3111,0.1017312368259631,0.028,780335.5447102886,0.012814999993,0.045007413978564004,0.1611,0.12372867458556243,0.0,415541.2425373848,0.024064999995999998,0.045007413978564004,0.1488,0.8882201203783319,0.0,0.2447,1103143.9607735882,0.009064999996,0.045007413978564004,0.3101,0.0,0.3256,969461.9490884449,0.010314999994999999,0.045007413978564004,0.2292,0.0,0.0,415541.2425373848,0.024064999995999998,0.045007413978564004,0.14735,0.0
2000,0.23316471895526442,0.014,1100110.0114851969,0.009089999996,0.08798916064409024,0.2961,0.09637521868781536,0.0273,778816.1998015353,0.012839999993,0.08798916064409024,0.1509,0.09810653793457008,0.0,415110.00422002655,0.024089999996,0.08798916064409024,0.14085,0.7986829727187206,0.0,0.2474,1100110.0114851969,0.009089999996,0.08798916064409024,0.289,0.0,0.3297,967117.9888622428,0.010339999995,0.08798916064409024,0.2145,0.0,0.0,415110.00422002655,0.024089999996,0.08798916064409024,0.14025,0.0
3000,0.21626067151704623,0.0135,1097092.7048149612,0.009114999996,0.1290364100439193,0.2725,0.08961363180584181,0.0286,777302.7598477356,0.012864999993,0.1290364100439193,0.1433,0.08230693534331361,0.0,414679.6600314625,0.024114999996,0.1290364100439193,0.1365,0.7387755102040816,0.0,0.2477,1097092.7048149612,0.009114999996,0.1290364100439193,0.2761,0.0,0.3293,964785.3357283094,0.010364999995,0.1290364100439193,0.2056,0.0,0.0,414679.6600314625,0.024114999996,0.1290364100439193,0.13645,0.0
4000,0.21103730050662234,0.014,1094091.9041987273,0.009139999996,0.16823622889732903,0.268,0.08843546938005972,0.0282,707213.578900828,0.014139999992,0.16823622889732903,0.1405,0.06413956664386226,0.0,414250.20719374483,0.024139999996,0.16823622889732903,0.1311,0.6608187134502924,0.0,0.2427,1094091.9041987273,0.009139999996,0.16823622889732903,0.2687,0.0,0.3244,859106.5296524604,0.011639999994,0.16823622889732903,0.1986,0.0,0.0,414250.20719374483,0.024139999996,0.16823622889732903,0.1313,0.014522821576763486
5000,0.2000129639129928,0.014,1091107.4745624037,0.009164999996,0.2056717652757185,0.254,0.0828876869837212,0.0283,705965.4080937327,0.014164999992,0.2056717652757185,0.1319,0.05516190314412857,0.0,342876.73587225727,0.029164999995,0.2056717652757185,0.12745,0.6266666666666667,0.0,0.2429,1091107.4745624037,0.009164999996,0.2056717652757185,0.2511,0.0,0.3122,857265.324058602,0.011664999994,0.2056717652757185,0.1962,0.0,0.0,342876.73587225727,0.029164999995,0.2056717652757185,0.12685,0.0561576354679803
6000,0.19517881989243877,0.0145,1088139.2823016928,0.009189999996,0.24142242497081623,0.2498,0.08106315855794098,0.0265,704721.6353514992,0.014189999992,0.24142242497081623,0.1253,0.03332867864188636,0.0,342583.0764547076,0.029189999995,0.24142242497081623,0.12185,0.5077559462254395,0.0,0.2435,957854.4065890107,0.010439999995,0.24142242497081623,0.249,0.0,0.3213,855431.9935956023,0.011689999994,0.24142242497081623,0.1788,0.0,0.0,342583.0764547076,0.029189999995,0.24142242497081623,0.12245,0.0416221985058698
7000,0.18669618188304624,0.0143,955566.1734140307,0.010464999995,0.27556403992501,0.2382,0.07285571098826031,0.0278,646621.4035447522,0.015464999991,0.27556403992501,0.115,0.02563204838768232,0.0,342289.9196204501,0.029214999995,0.27556403992501,0.11845,0.46987951807228917,0.0,0.2374,955566.1734140307,0.010464999995,0.27556403992501,0.2378,0.0,0.34,853606.4878464907,0.011714999994,0.27556403992501,0.1724,0.0,0.0,342289.9196204501,0.029214999995,0.27556403992501,0.1185,0.03480278422273782
8000,0.18015698027173466,0.0133,953288.8469748755,0.010489999995,0.3081690290810635,0.2263,0.07021525304846221,0.0308,645577.7924990446,0.015489999991,0.3081690290810635,0.1164,0.012803714084375589,0.0,341997.2640803689,0.029239999994999998,0.3081690290810635,0.1098,0.3955901426718547,0.0,0.238,953288.8469748755,0.010489999995,0.3081690290810635,0.2212,0.0,0.3294,769822.9411384728,0.012989999993,0.3081690290810635,0.1689,0.0,0.0,341997.2640803689,0.029239999994999998,0.3081690290810635,0.1139,0.0
9000,0.17549491641153164,0.0132,951022.3494774238,0.010514999995,0.339306551992404,0.2201,0.07195438647370136,0.0271,596480.7638511666,0.01676499999,0.339306551992404,0.1123,0.008345696085170202,0.0001,341705.10854975315,0.029264999995,0.339306551992404,0.108,0.37142857142857144,0.0,0.2431,951022.3494774238,0.010514999995,0.339306551992404,0.2098,0.0,0.3287,768344.218623005,0.013014999993,0.339306551992404,0.1565,0.0,0.0,341705.10854975315,0.029264999995,0.339306551992404,0.1082,0.04201680672268908
10000,0.16420172168135258,0.0143,948766.6038656388,0.010539999995,0.36904265551980675,0.2095,0.06513695869419535,0.0295,595592.6150063089,0.01678999999,0.36904265551980675,0.1057,0.0,0.0,341413.45174827817,0.029289999995,0.36904265551980675,0.10665,0.31054131054131057,0.0,0.2311,948766.6038656388,0.010539999995,0.36904265551980675,0.206,0.0,0.3342,766871.1660558358,0.013039999993,0.36904265551980675,0.151,0.0,0.0,341413.45174827817,0.029289999995,0.36904265551980675,0.1015,0.07988980716253444
11000,0.15693071733085262,0.0141,846381.718584705,0.011814999994,0.39744041392564233,0.1996,0.06110399198789471,0.0302,553556.6014995363,0.018064999988999998,0.39744041392564233,0.1003,0.004234091032528625,0.0,291417.7473917676,0.034314999994,0.39744041392564233,0.0947,0.3565459610027855,0.0,0.2331,846381.718584705,0.011814999994,0.39744041392564233,0.1936,0.0,0.3251,765403.7508884674,0.013064999992999999,0.39744041392564233,0.1434,0.0,0.0,291417.7473917676,0.034314999994,0.39744041392564233,0.0971,0.0
12000,0.1410953354058654,0.0144,844594.5950225986,0.011839999993999999,0.4245600626628431,0.1803,0.062026860069670224,0.0254,552791.5979038534,0.018089999989,0.4245600626628431,0.0942,0.0,0.0,291205.59119823045,0.034339999993999996,0.4245600626628431,0.09275,0.32087227414330216,0.0,0.2432,844594.5950225986,0.011839999993999999,0.4245600626628431,0.1866,0.0,0.3302,697350.0701240447,0.014339999992,0.4245600626628431,0.138,0.0,0.0,291205.59119823045,0.034339999993999996,0.4245600626628431,0.0927,0.0
13000,0.14007227860918656,0.0131,842815.0025332398,0.011864999994,0.4504591261423755,0.1754,0.05896649747439935,0.0288,552028.7058278949,0.018114999989,0.4504591261423755,0.0946,0.0,0.0,290993.7436853183,0.034364999994,0.4504591261423755,0.08595,0.25880551301684535,0.0,0.2372,842815.0025332398,0.011864999994,0.4504591261423755,0.1776,0.0,0.3164,696136.4431304623,0.014364999992,0.4504591261423755,0.134,0.0,0.0,290993.7436853183,0.034364999994,0.4504591261423755,0.08655,0.0
14000,0.12543160374658718,0.0154,841042.8936119644,0.011889999994,0.47519253975022746,0.1628,0.05554854530269114,0.0266,515729.75792618655,0.019389999988,0.47519253975022746,0.086,0.0,0.0,290782.2041798399,0.034389999994,0.47519253975022746,0.08365,0.24773960216998192,0.0,0.2382,841042.8936119644,0.011889999994,0.47519253975022746,0.1628,0.0,0.3233,639386.1896262453,0.015639999991,0.47519253975022746,0.132,0.0,0.0,290782.2041798399,0.034389999994,0.47519253975022746,0.0815,0.0
15000,0.12776590995124543,0.015,759589.8219002757,0.013164999993,0.49881276637272776,0.1648,0.05125694516887695,0.029,515065.67119138746,0.019414999988,0.49881276637272776,0.0825,0.0,0.0,253710.51634595898,0.039414999993,0.49881276637272776,0.08295,0.2865853658536585,0.0,0.2422,759589.8219002757,0.013164999993,0.49881276637272776,0.1592,0.0,0.3258,638365.7839607592,0.015664999991,0.49881276637272776,0.1226,0.0,0.0,253710.51634595898,0.039414999993,0.49881276637272776,0.08315,0.0051635111876075735
16000,0.12200090288283096,0.0144,758150.1141248712,0.013189999992999999,0.5213699076773617,0.1559,0.044713248760189034,0.0327,483325.2782157191,0.020689999987,0.5213699076773617,0.0765,0.0,0.0,253549.69578536632,0.039439999993,0.5213699076773617,0.0796,0.20210896309314588,0.0,0.2384,758150.1141248712,0.013189999992999999,0.5213699076773617,0.158,0.0,0.3187,637348.6300660381,0.015689999991,0.5213699076773617,0.1159,0.0,0.0,253549.69578536632,0.039439999993,0.5213699076773617,0.07845,0.001658374792703151
17000,0.11200507701335366,0.0155,756715.8535979576,0.013214999993,0.5429118103851249,0.1456,0.049784790982922066,0.0289,482741.9747176271,0.020714999987,0.5429118103851249,0.08,0.0,0.0,253389.0789756423,0.039464999993,0.5429118103851249,0.07615,0.163302752293578,0.0,0.2404,756715.8535979576,0.013214999993,0.5429118103851249,0.1445,0.0,0.3292,589448.8656583843,0.01696499999,0.5429118103851249,0.1144,0.0,0.0,253389.0789756423,0.039464999993,0.5429118103851249,0.0742,0.06716417910447761
18000,0.10567575859734747,0.0169,690131.1252947584,0.014489999992,0.563484167759834,0.1404,0.04622424913507448,0.028,454752.1603622797,0.021989999986,0.563484167759834,0.0732,0.0,0.0,224769.6111889898,0.044489999992,0.563484167759834,0.0733,0.18091451292246521,0.0,0.2412,690131.1252947584,0.014489999992,0.563484167759834,0.1385,0.0,0.3207,588581.518886746,0.01698999999,0.563484167759834,0.1081,0.0,0.0,224769.6111889898,0.044489999992,0.563484167759834,0.0719,0.06542056074766354
19000,0.1107602916399614,0.0137,688942.4736831925,0.014514999992,0.5831306165296646,0.14,0.040703638997854,0.031,429830.2173413906,0.023264999985,0.5831306165296646,0.0677,0.0,0.0,224643.3786767864,0.044514999992,0.5831306165296646,0.06965,0.18304431599229287,0.0,0.2393,688942.4736831925,0.014514999992,0.5831306165296646,0.1345,0.0,0.3268,547495.2097466437,0.018264999989,0.5831306165296646,0.1026,0.0,0.0,224643.3786767864,0.044514999992,0.5831306165296646,0.07,0.04086021505376344
20000,0.09507530652536153,0.0154,687757.9095943647,0.014539999992,0.6018928294465028,0.1234,0.03946008825535424,0.0306,407497.96277587477,0.024539999984,0.6018928294465028,0.0652,0.0,0.0,224517.28787148942,0.044539999992,0.6018928294465028,0.06545,0.13968957871396895,0.0,0.2384,687757.9095943647,0.014539999992,0.6018928294465028,0.1289,0.0,0.3247,546746.8565344021,0.018289999989,0.6018928294465028,0.0962,0.0,0.0,224517.28787148942,0.044539999992,0.6018928294465028,0.0665,0.0
21000,0.09321390397585247,0.0145,632311.097419589,0.015814999991,0.6198106036794389,0.1193,0.04099347274086823,0.0303,407083.24878947006,0.024564999984,0.6198106036794389,0.0674,0.0,0.0,201755.2708930858,0.049564999990999996,0.6198106036794389,0.06595,0.16517857142857142,0.0,0.2437,632311.097419589,0.015814999991,0.6198106036794389,0.1262,0.0,0.3238,546000.5463284743,0.018314999989,0.6198106036794389,0.0961,0.0,0.0,224391.3385346153,0.044564999992,0.6198106036794389,0.06425,0.0
22000,0.08627112240719659,0.0161,631313.131671832,0.015839999991,0.6369219452298986,0.1132,0.03842535755315329,0.0308,386996.904279371,0.025839999983,0.6369219452298986,0.0637,0.0,0.0,201653.55922191736,0.049589999991,0.6369219452298986,0.05915,0.17050691244239632,0.0,0.2327,631313.131671832,0.015839999991,0.6369219452298986,0.1177,0.0,0.3284,510464.5230283601,0.019589999987999998,0.6369219452298986,0.0893,0.0,0.0,201653.55922191736,0.049589999991,0.6369219452298986,0.05735,0.0
23000,0.08707041322408479,0.0139,630318.3111044982,0.015864999991,0.6532631495474684,0.1104,0.03492929057228091,0.0309,368799.55768535467,0.027114999982,0.6532631495474684,0.058,0.0,0.0,201551.95005167727,0.049614999991,0.6532631495474684,0.05705,0.06806282722513089,0.0,0.2449,630318.3111044982,0.015864999991,0.6532631495474684,0.1163,0.0,0.3344,509813.9182318515,0.019614999988,0.6532631495474684,0.0868,0.0,0.0001,201551.95005167727,0.049614999991,0.6532631495474684,0.0591,0.0
24000,0.08050887783438448,0.0174,583430.5721023516,0.017139999989999998,0.6688688785174088,0.1078,0.033585281445919074,0.0295,368459.8381220441,0.027139999982,0.6688688785174088,0.0545,0.0,0.0002,183016.1054507716,0.05463999999,0.6688688785174088,0.0538,0.11538461538461539,0.0,0.238,583430.5721023516,0.017139999989999998,0.6688688785174088,0.108,0.0,0.3255,478697.9418967484,0.020889999987,0.6688688785174088,0.0788,0.0,0.0,183016.1054507716,0.05463999999,0.6688688785174088,0.05505,0.041666666666666664
25000,0.08175589714140243,0.0138,582580.8334299917,0.01716499999,0.683772233983162,0.1035,0.03405997162050645,0.0292,351926.79946108075,0.028414999981,0.683772233983162,0.055,0.0,0.0,182932.40650927144,0.05466499999,0.683772233983162,0.0523,0.11475409836065574,0.0,0.2375,582580.8334299917,0.01716499999,0.683772233983162,0.0986,0.0,0.3276,451161.7417692878,0.022164999985999998,0.683772233983162,0.0764,0.0,0.0,182932.40650927144,0.05466499999,0.683772233983162,0.05175,0.07871720116618076
26000,0.07377247923159566,0.0161,542299.3495642784,0.018439999989,0.6980048279597983,0.0968,0.03166503729537889,0.0294,336813.7422275606,0.02968999998,0.6980048279597983,0.0513,0.0,0.0001,167532.2499889907,0.059689999989,0.6980048279597983,0.0511,0.09411764705882353,0.0,0.2461,542299.3495642784,0.018439999989,0.6980048279597983,0.0973,0.0,0.3271,450653.44778319733,0.022189999986,0.6980048279597983,0.0704,0.0,0.0,182848.7840890197,0.05468999999,0.6980048279597983,0.05175,0.09467455621301775
27000,0.07036830459403004,0.0167,541565.1235286876,0.018464999989,0.7115968496873395,0.0932,0.03174523100571183,0.031,322945.2609973147,0.030964999979,0.7115968496873395,0.0528,0.0,0.0,167462.11172807642,0.059714999989,0.7115968496873395,0.0488,0.08196721311475409,0.0,0.2457,541565.1235286876,0.018464999989,0.7115968496873395,0.0963,0.0,0.3282,426166.6314252077,0.023464999985,0.7115968496873395,0.0694,0.0,0.0,167462.11172807642,0.059714999989,0.7115968496873395,0.0462,0.045317220543806644
28000,0.0700671871824944,0.0153,506585.6132765465,0.019739999988,0.7245771296661834,0.0908,0.02813172167846612,0.0297,310173.69748212845,0.032239999978,0.7245771296661834,0.0458,0.0,0.0,167392.03217009228,0.059739999989,0.7245771296661834,0.0466,0.0,0.0,0.2414,506585.6132765465,0.019739999988,0.7245771296661834,0.0879,0.0,0.3237,404203.71893562085,0.024739999983999998,0.7245771296661834,0.0689,0.0,0.0,167392.03217009228,0.059739999989,0.7245771296661834,0.0451,0.12225705329153605
29000,0.06723948405930488,0.0152,505944.85231830704,0.019764999988,0.7369732008104619,0.087,0.03029141946925206,0.027,298373.8626544114,0.033514999977,0.7369732008104619,0.0472,0.0,0.0,154404.38511314525,0.064764999988,0.7369732008104619,0.04365,0.11400651465798045,0.0,0.2429,505944.85231830704,0.019764999988,0.7369732008104619,0.0859,0.0,0.3263,384393.6193171129,0.026014999982999998,0.7369732008104619,0.0628,0.0,0.0,154404.38511314525,0.064764999988,0.7369732008104619,0.04235,0.04406779661016949
30000,0.06052381923684881,0.0156,475285.1713963264,0.021039999987,0.748811356849042,0.0788,0.024139309461383103,0.0327,277469.47854985396,0.036039999975,0.748811356849042,0.0413,0.0,0.0,143287.00389543962,0.069789999987,0.748811356849042,0.04385,0.0,0.0,0.2382,475285.1713963264,0.021039999987,0.748811356849042,0.0777,0.0,0.3245,384024.577823672,0.026039999983,0.748811356849042,0.0612,0.0,0.0001,154344.80632585488,0.064789999988,0.748811356849042,0.0418,0.08333333333333333
31000,0.060504852936207984,0.0148,474721.1016459233,0.021064999987,0.760116708098051,0.0778,0.023145572581069387,0.0333,277277.1386921372,0.036064999975,0.760116708098051,0.04,0.0,0.0,143235.6943616997,0.069814999987,0.760116708098051,0.0399,0.0,0.0,0.2392,474721.1016459233,0.021064999987,0.760116708098051,0.0808,0.0,0.3331,366099.21312794386,0.027314999981999998,0.760116708098051,0.0585,0.0,0.0,143235.6943616997,0.069814999987,0.760116708098051,0.0405,0.06072874493927125
32000,0.05580772607694815,0.0159,447627.5741390683,0.022339999986,0.7709132347232227,0.073,0.02630163730845345,0.0323,259134.4909820324,0.038589999973,0.7709132347232227,0.0447,0.0,0.0001,133618.38591489388,0.074839999986,0.7709132347232227,0.0366,0.07317073170731707,0.0,0.2445,447627.5741390683,0.022339999986,0.7709132347232227,0.0785,0.0,0.3249,349772.6480113914,0.028589999980999998,0.7709132347232227,0.0529,0.0,0.0001,133618.38591489388,0.074839999986,0.7709132347232227,0.039,0.00819672131147541
33000,0.05458703443053817,0.0149,423459.66573584144,0.023614999985,0.7812238376050448,0.0703,0.022397631115251077,0.0314,250846.60747582352,0.039864999972,0.7812238376050448,0.0375,0.0,0.0,133573.76613731426,0.074864999986,0.7812238376050448,0.03665,0.0,0.0,0.2413,423459.66573584144,0.023614999985,0.7812238376050448,0.0697,0.0,0.3246,349467.0629613795,0.028614999981,0.7812238376050448,0.0534,0.0,0.0,133573.76613731426,0.074864999986,0.7812238376050448,0.0376,0.0
34000,0.049156518530614174,0.016,423011.84460004984,0.023639999985,0.7910703869145961,0.0644,0.02377631346070337,0.03,243072.43575714878,0.041139999971,0.7910703869145961,0.0389,0.0,0.0001,125172.11167702568,0.079889999985,0.7910703869145961,0.0348,0.11587982832618025,0.0,0.2315,423011.84460004984,0.023639999985,0.7910703869145961,0.066,0.0,0.332,334560.05375346943,0.029889999979999998,0.7910703869145961,0.0501,0.0,0.0001,125172.11167702568,0.079889999985,0.7910703869145961,0.03455,0.0
35000,0.048851296741088006,0.0164,401364.64003298554,0.024914999984,0.800473768503112,0.0644,0.019347030000318618,0.0316,229016.37483337932,0.043664999969,0.800473768503112,0.0325,0.0,0.0,125132.95378686096,0.079914999985,0.800473768503112,0.03515,0.0,0.0,0.2392,401364.64003298554,0.024914999984,0.800473768503112,0.0627,0.0,0.3246,320872.7741613454,0.031164999978999998,0.800473768503112,0.0471,0.0,0.0,125132.95378686096,0.079914999985,0.800473768503112,0.0356,0.0
36000,0.04347270993672048,0.0175,381825.12434100907,0.026189999983,0.8094539282036752,0.0583,0.019211109814754497,0.0309,222518.91426614608,0.044939999968,0.8094539282036752,0.0319,0.0,0.0001,117730.16248980083,0.084939999984,0.8094539282036752,0.03315,0.0,0.0,0.2428,381825.12434100907,0.026189999983,0.8094539282036752,0.0636,0.0,0.3166,308261.40588106506,0.032439999978,0.8094539282036752,0.0436,0.0,0.0,117730.16248980083,0.084939999984,0.8094539282036752,0.03275,0.008771929824561403
37000,0.042752016298642004,0.0169,381460.99586056976,0.026214999983,0.8180299141390016,0.0568,0.020349533314269395,0.0289,210681.5549807895,0.047464999965999996,0.8180299141390016,0.0327,0.0,0.0,111154.33781903656,0.089964999983,0.8180299141390016,0.0278,0.0,0.0,0.2449,364099.7635737774,0.027464999982,0.8180299141390016,0.065,0.0,0.3209,286000.2861965968,0.034964999976,0.8180299141390016,0.0447,0.0,0.0,111154.33781903656,0.089964999983,0.8180299141390016,0.02795,0.0
38000,0.04305308683595638,0.0169,363768.6433811508,0.027489999982,0.8262199171250625,0.0572,0.01780859686315634,0.0343,210570.6466026406,0.047489999966,0.8262199171250625,0.0313,0.0,0.0,105274.23941356917,0.094989999982,0.8262199171250625,0.02645,0.24468085106382978,0.0,0.2441,363768.6433811508,0.027489999982,0.8262199171250625,0.0547,0.0,0.321,285795.94189365825,0.034989999976,0.8262199171250625,0.0449,0.0,0.0,105274.23941356917,0.094989999982,0.8262199171250625,0.02755,0.035897435897435895
39000,0.03993058870721298,0.0172,347644.70733896224,0.028764999981,0.834041309256244,0.0533,0.015894774689187985,0.0288,199940.01813851527,0.050014999964,0.834041309256244,0.0255,0.0,0.0,105246.54003993515,0.095014999982,0.834041309256244,0.0275,0.087248322147651,0.0,0.2426,347644.70733896224,0.028764999981,0.834041309256244,0.0508,0.0,0.3251,266560.04283434787,0.037514999974,0.834041309256244,0.0423,0.0,0.0,105246.54003993515,0.095014999982,0.834041309256244,0.02765,0.04477611940298507
40000,0.03957710725076164,0.0168,332889.48091404093,0.03003999998,0.8415106807538887,0.0525,0.016833171229265764,0.0281,190331.17638432785,0.052539999962,0.8415106807538887,0.0267,0.0,0.0001,99960.01601258737,0.100039999981,0.8415106807538887,0.02665,0.08695652173913043,0.0,0.2408,332889.48091404093,0.03003999998,0.8415106807538887,0.0529,0.0,0.3272,257798.40182935182,0.038789999973,0.8415106807538887,0.0407,0.0,0.0001,99960.01601258737,0.100039999981,0.8415106807538887,0.0277,0.0
41000,0.039485577426409346,0.0142,319335.7817884736,0.031314999979,0.8486438751563792,0.0503,0.015223006850402464,0.0319,181603.55956168423,0.05506499996,0.8486438751563792,0.0257,0.0,0.0,95179.17481467266,0.10506499998,0.8486438751563792,0.02715,0.06432748538011696,0.0,0.2459,319335.7817884736,0.031314999979,0.8486438751563792,0.0492,0.0,0.3302,242042.84175285592,0.041314999971,0.8486438751563792,0.0397,0.0,0.0,95179.17481467266,0.10506499998,0.8486438751563792,0.0258,0.012195121951219513
42000,0.03594104199993195,0.0171,306842.5899585927,0.032589999978,0.8554560229254073,0.0479,0.014382209566220472,0.0317,173641.25728933726,0.057589999958,0.8554560229254073,0.0242,0.0,0.0001,90834.77156787655,0.110089999979,0.8554560229254073,0.02385,0.11538461538461539,0.0,0.2464,306842.5899585927,0.032589999978,0.8554560229254073,0.0492,0.0,0.3308,241896.46848125296,0.041339999971,0.8554560229254073,0.0379,0.0,0.0002,90834.77156787655,0.110089999979,0.8554560229254073,0.02445,0.03571428571428571
43000,0.031392814551216675,0.0175,295290.1227459522,0.033864999977,0.8619615735397115,0.0421,0.012212739929495587,0.033,166347.83344122607,0.060114999956,0.8619615735397115,0.021,0.0,0.0,86869.65210364533,0.115114999978,0.8619615735397115,0.02295,0.0,0.0,0.2386,295290.1227459522,0.033864999977,0.8619615735397115,0.0435,0.0,0.3255,234659.15773881908,0.04261499997,0.8619615735397115,0.0321,0.0,0.0,86869.65210364533,0.115114999978,0.8619615735397115,0.02355,0.0
44000,0.0317431331348857,0.0154,284575.98198149755,0.035139999976,0.8681743261443593,0.0412,0.013404414986416572,0.0285,159642.40113894557,0.06263999995399999,0.8681743261443593,0.0214,0.0,0.0001,83236.22442079602,0.12013999997699999,0.8681743261443593,0.0226,0.04,0.0,0.2427,284575.98198149755,0.035139999976,0.8681743261443593,0.0472,0.0,0.3181,221533.0085753003,0.045139999968,0.8681743261443593,0.0305,0.0,0.0,83236.22442079602,0.12013999997699999,0.8681743261443593,0.0212,0.0
45000,0.027768112633182067,0.0193,274612.1105825979,0.036414999975,0.8741074588205833,0.0383,0.013911650024996872,0.0262,153456.6102565168,0.065164999952,0.8741074588205833,0.0214,0.0,0.0,79894.53922356464,0.125164999976,0.8741074588205833,0.02085,0.0,0.0,0.2471,274612.1105825979,0.036414999975,0.8741074588205833,0.0406,0.0,0.3291,209797.54551837023,0.047664999966,0.8741074588205833,0.0288,0.0,0.0001,79894.53922356464,0.125164999976,0.8741074588205833,0.0213,0.0
46000,0.030153986476770776,0.0168,265322.3668585402,0.037689999974,0.8797735565382587,0.04,0.012674444623576846,0.029,147732.3091651147,0.06768999995,0.8797735565382587,0.0204,0.0,0.0001,76810.81497749651,0.130189999975,0.8797735565382587,0.0198,0.0,0.0,0.2418,265322.3668585402,0.037689999974,0.8797735565382587,0.041,0.0,0.3261,204331.83504600765,0.048939999965,0.8797735565382587,0.0283,0.0,0.0,76810.81497749651,0.130189999975,0.8797735565382587,0.0202,0.0
47000,0.0287182727505152,0.0163,248663.43421515793,0.040214999972,0.8851846378503118,0.0378,0.010886990535037704,0.0303,142419.71099346044,0.070214999948,0.8851846378503118,0.0179,0.0,0.0,73956.29184574835,0.135214999974,0.8851846378503118,0.01815,0.007751937984496124,0.0,0.2432,256640.57505272157,0.038964999973,0.8851846378503118,0.0359,0.0,0.3259,194306.8105934004,0.051464999963,0.8851846378503118,0.0285,0.0,0.0,73956.29184574835,0.135214999974,0.8851846378503118,0.0196,0.03389830508474576
48000,0.026272835919893257,0.0154,241021.93316436818,0.041489999971,0.8903521803856815,0.0341,0.010733062032554818,0.0315,135153.399208453,0.073989999945,0.8903521803856815,0.018,0.0,0.0003,71306.3320160102,0.140239999973,0.8903521803856815,0.01875,0.0,0.0,0.233,241021.93316436818,0.041489999971,0.8903521803856815,0.0354,0.0,0.3268,185219.48522362584,0.053989999961,0.8903521803856815,0.0283,0.0,0.0,71306.3320160102,0.140239999973,0.8903521803856815,0.01765,0.0
49000,0.027044920306386274,0.0172,233836.08107132194,0.04276499997,0.89528714519491,0.0361,0.00974739652847772,0.0302,130693.32820296046,0.076514999943,0.89528714519491,0.016,0.0,0.0,66549.09660885717,0.15026499997099999,0.89528714519491,0.01655,0.1623931623931624,0.0,0.236,233836.08107132194,0.04276499997,0.89528714519491,0.0342,0.0,0.3255,180946.34953836704,0.05526499996,0.89528714519491,0.0273,0.0,0.0001,66549.09660885717,0.15026499997099999,0.89528714519491,0.0165,0.0
50000,0.02442372136834652,0.0154,227066.3035204145,0.044039999969,0.9,0.0317,0.010036244961384543,0.0321,124548.51173835983,0.08028999994,0.9,0.017,0.0,0.0,64395.64686671305,0.15528999997,0.9,0.0161,0.02702702702702703,0.0,0.2408,227066.3035204145,0.044039999969,0.9,0.0339,0.0,0.331,173040.31851994625,0.057789999958,0.9,0.0266,0.0,0.0001,64395.64686671305,0.15528999997,0.9,0.0167,0.0
51000,0.02514232342254507,0.0167,214753.5704302989,0.046564999967,0.9045007413978564,0.0333,0.011378062257678833,0.0306,120751.07175616213,0.082814999938,0.9045007413978564,0.0188,0.0,0.0,60490.57860409339,0.165314999968,0.9045007413978564,0.0151,0.0,0.0,0.2347,214753.5704302989,0.046564999967,0.9045007413978564,0.0308,0.0,0.3261,165796.23654638208,0.060314999955999996,0.9045007413978564,0.0256,0.0,0.0001,62377.19490960729,0.160314999969,0.9045007413978564,0.0156,0.0
52000,0.022462556653776968,0.0155,209030.10048300633,0.047839999965999996,0.908798916064409,0.0292,0.00979523067440314,0.0314,113843.35163380762,0.087839999934,0.908798916064409,0.0164,0.0,0.0,58706.117188783035,0.170339999967,0.908798916064409,0.01465,0.0,0.0,0.2409,209030.10048300633,0.047839999965999996,0.908798916064409,0.0293,0.0,0.3344,159134.30947358653,0.062839999954,0.908798916064409,0.0221,0.0,0.0,58706.117188783035,0.170339999967,0.908798916064409,0.01535,0.13978494623655913
53000,0.020653245735291762,0.0161,198550.5809023691,0.050364999964,0.9129036410043919,0.0271,0.009915365339124875,0.0272,107683.19611842808,0.09286499993,0.9129036410043919,0.0155,0.0,0.0001,55443.129220971416,0.180364999965,0.9129036410043919,0.0137,0.0,0.0,0.2428,198550.5809023691,0.050364999964,0.9129036410043919,0.0249,0.0,0.3348,152987.07270471015,0.065364999952,0.9129036410043919,0.0216,0.0,0.0,57023.92154613984,0.175364999966,0.9129036410043919,0.0147,0.0
54000,0.021209576533280396,0.0151,193648.33476307103,0.051639999963,0.916823622889733,0.0274,0.008703255864811741,0.0294,104832.79177637029,0.095389999928,0.916823622889733,0.0141,0.0,0.0001,53940.34199224258,0.185389999964,0.916823622889733,0.0139,0.0,0.0,0.2429,193648.33476307103,0.051639999963,0.916823622889733,0.0241,0.0,0.3275,144634.07589494268,0.069139999949,0.916823622889733,0.0194,0.0,0.0,53940.34199224258,0.185389999964,0.916823622889733,0.01435,0.1875
55000,0.020080041652682346,0.014,184621.06539647782,0.054164999961,0.9205671765275718,0.0255,0.009245765202849367,0.0274,99586.71520757447,0.10041499992399999,0.9205671765275718,0.0145,0.0,0.0004,52516.87105502783,0.190414999963,0.9205671765275718,0.0129,0.0,0.0,0.2379,184621.06539647782,0.054164999961,0.9205671765275718,0.0225,0.0,0.3286,139538.12889688858,0.071664999947,0.9205671765275718,0.0209,0.0,0.0,51173.14434380462,0.19541499996199999,0.9205671765275718,0.013,0.09090909090909091
56000,0.01815536207108196,0.0144,176397.95391131268,0.056689999959,0.9241422424970817,0.0232,0.008937962029870804,0.0282,97143.96743323519,0.102939999922,0.9241422424970817,0.0142,0.0,0.0001,49890.24147847595,0.200439999961,0.9241422424970817,0.01325,0.0,0.0,0.2409,176397.95391131268,0.056689999959,0.9241422424970817,0.0242,0.0,0.3245,134789.05522864804,0.074189999945,0.9241422424970817,0.0172,0.0,0.0,49890.24147847595,0.200439999961,0.9241422424970817,0.0136,0.0
57000,0.019489823103933258,0.0149,168876.12948174743,0.059214999957,0.927556403992501,0.0251,0.007560656815580375,0.0271,90526.41114927098,0.11046499991599999,0.927556403992501,0.0118,0.0,0.0001,47513.8384146916,0.210464999959,0.927556403992501,0.01265,0.0,0.0,0.2444,168876.12948174743,0.059214999957,0.927556403992501,0.0254,0.0,0.3293,128262.68206809768,0.077964999942,0.927556403992501,0.017,0.0,0.0001,47513.8384146916,0.210464999959,0.927556403992501,0.0125,0.35294117647058826
58000,0.015418659539105687,0.016,161969.54984270537,0.061739999955,0.9308169029081064,0.0202,0.007991553785945724,0.0287,87535.01407226494,0.114239999913,0.9308169029081064,0.0128,0.0,0.0001,45353.530781215486,0.220489999957,0.9308169029081064,0.0126,0.0,0.0,0.2438,161969.54984270537,0.061739999955,0.9308169029081064,0.0234,0.0,0.3225,124239.0359976934,0.08048999994,0.9308169029081064,0.0171,0.0,0.0,45353.530781215486,0.220489999957,0.9308169029081064,0.01185,0.0
59000,0.017177972765796135,0.0157,155605.69528224488,0.064264999953,0.9339306551992405,0.0224,0.007355229071859539,0.0288,82977.2228156985,0.12051499990799999,0.9339306551992405,0.0118,0.0,0.0001,43381.124881036594,0.230514999955,0.9339306551992405,0.01175,0.0,0.0,0.244,155605.69528224488,0.064264999953,0.9339306551992405,0.0226,0.0,0.3239,116938.54888012708,0.085514999936,0.9339306551992405,0.0176,0.0,0.0,43381.124881036594,0.230514999955,0.9339306551992405,0.0115,0.0
60000,0.015704514329998122,0.0167,149723.01253685323,0.066789999951,0.9369042655519807,0.0208,0.005774344338556634,0.0316,80456.99579727584,0.124289999905,0.9369042655519807,0.0097,0.0,0.0,41573.12713874589,0.240539999953,0.9369042655519807,0.01055,0.0,0.0,0.2513,146972.3693025958,0.06803999995,0.9369042655519807,0.022,0.0,0.3216,113584.73429687179,0.088039999934,0.9369042655519807,0.0139,0.0,0.0004,41573.12713874589,0.240539999953,0.9369042655519807,0.01095,0.0
61000,0.015409287929556164,0.0154,144268.9173679249,0.06931499994899999,0.9397440413925643,0.02,0.006111452164547955,0.0275,77330.54949275586,0.129314999901,0.9397440413925643,0.0096,0.0,0.0001,39909.80385111879,0.250564999951,0.9397440413925643,0.00985,0.2647058823529412,0.0,0.2374,141713.31407027695,0.070564999948,0.9397440413925643,0.0196,0.0,0.3281,108914.66544154128,0.091814999931,0.9397440413925643,0.013,0.0,0.0002,39909.80385111879,0.250564999951,0.9397440413925643,0.00985,0.0
62000,0.013028071016439512,0.0146,136817.62221081066,0.073089999946,0.9424560062662843,0.0167,0.005067080116899334,0.0308,73751.75166066953,0.13558999989599999,0.9424560062662843,0.0084,0.0,0.0002,37652.02003824656,0.265589999948,0.9424560062662843,0.00995,0.0,0.0,0.238,134517.0837691477,0.074339999945,0.9424560062662843,0.0181,0.0,0.3253,103263.11449337265,0.096839999927,0.9424560062662843,0.0145,0.0,0.0003,37652.02003824656,0.265589999948,0.9424560062662843,0.00995,0.017543859649122806
63000,0.012042821492575212,0.0169,130098.22425571585,0.076864999943,0.9450459126142375,0.016,0.005446944697824972,0.0306,70489.5499783834,0.141864999891,0.9450459126142375,0.009,0.0,0.0001,36282.495517149844,0.27561499994599997,0.9450459126142375,0.0097,0.0,0.0,0.2409,130098.22425571585,0.076864999943,0.9450459126142375,0.0194,0.0,0.3241,98169.14551179526,0.101864999923,0.9450459126142375,0.013,0.0,0.0,36282.495517149844,0.27561499994599997,0.9450459126142375,0.0099,0.0
64000,0.01322920391235543,0.014,125960.44851280598,0.079389999941,0.9475192539750228,0.0168,0.006494040857366468,0.0321,67503.7127561457,0.148139999886,0.9475192539750228,0.011,0.0,0.0,34406.82632108859,0.290639999943,0.9475192539750228,0.0096,0.0,0.0,0.2409,125960.44851280598,0.079389999941,0.9475192539750228,0.0171,0.0,0.3303,95794.61641505675,0.104389999921,0.9475192539750228,0.0115,0.0,0.0,34406.82632108859,0.290639999943,0.9475192539750228,0.0086,0.0
65000,0.012346142922411905,0.0149,120242.89072873275,0.083164999938,0.9498812766372727,0.0159,0.00446347285654797,0.0274,64760.54792414277,0.154414999881,0.9498812766372727,0.007,0.0,0.0,33259.60787574981,0.300664999941,0.9498812766372727,0.00735,0.07692307692307693,0.0,0.2407,120242.89072873275,0.083164999938,0.9498812766372727,0.0163,0.0,0.3305,89353.52729835187,0.111914999915,0.9498812766372727,0.0118,0.0,0.0001,33259.60787574981,0.300664999941,0.9498812766372727,0.0083,0.0
66000,0.011853888220238966,0.0167,116699.73167777783,0.085689999936,0.9521369907677362,0.0157,0.004551378369591705,0.0328,61278.26464685986,0.16318999987399999,0.9521369907677362,0.0078,0.0,0.0001,31676.64481600289,0.315689999938,0.9521369907677362,0.0081,0.0,0.0,0.2367,115021.85423828411,0.086939999935,0.9521369907677362,0.0149,0.0,0.3248,88347.02718966203,0.113189999914,0.9521369907677362,0.0103,0.0,0.0002,31676.64481600289,0.315689999938,0.9521369907677362,0.00805,0.06896551724137931
67000,0.01100049863524009,0.0155,111775.55476989842,0.089464999933,0.9542911810385125,0.0143,0.004621827721915469,0.0295,59447.73062882743,0.16821499987,0.9542911810385125,0.0075,0.0,0.0001,30237.51569165426,0.330714999935,0.9542911810385125,0.00725,0.0,0.0,0.2386,108737.01959987881,0.091964999931,0.9542911810385125,0.0147,0.0,0.3139,81990.73510945876,0.121964999907,0.9542911810385125,0.0096,0.0,0.0,30237.51569165426,0.330714999935,0.9542911810385125,0.00895,0.0847457627118644
68000,0.010704362820361935,0.0145,107250.10733062535,0.09323999993,0.9563484167759834,0.0137,0.005094513819760358,0.0267,56500.367296121534,0.17698999986299999,0.9563484167759834,0.0079,0.0,0.0001,28923.468508031456,0.345739999932,0.9563484167759834,0.00725,0.0,0.0,0.2445,104449.55094548117,0.095739999928,0.9563484167759834,0.0134,0.0,0.3183,79529.18727242565,0.125739999904,0.9563484167759834,0.0099,0.0,0.0002,28923.468508031456,0.345739999932,0.9563484167759834,0.0079,0.0
69000,0.009173872779772298,0.0159,103076.84386460454,0.097014999927,0.9583130616529665,0.012,0.004245512948783665,0.0287,54196.13585751862,0.18451499985699998,0.9583130616529665,0.0068,0.0,0.0002,27339.958722044146,0.365764999928,0.9583130616529665,0.00765,0.0,0.0,0.2422,100487.3637897458,0.099514999925,0.9583130616529665,0.0144,0.0,0.3218,76473.06242226365,0.13076499989999998,0.9583130616529665,0.0109,0.0,0.0001,27718.875173500866,0.360764999929,0.9583130616529665,0.00725,0.09523809523809523
70000,0.009337147190618747,0.0153,98000.78408022404,0.102039999923,0.9601892829446502,0.0121,0.004334582301182798,0.0265,52072.48493938138,0.192039999851,0.9601892829446502,0.0067,0.0,0.0001,25920.837766582812,0.385789999924,0.9601892829446502,0.00625,0.0,0.0,0.2414,96814.79337352651,0.103289999922,0.9601892829446502,0.0119,0.0,0.3333,72971.39526898714,0.137039999895,0.9601892829446502,0.0102,0.0,0.0,26610.606993185516,0.375789999926,0.9601892829446502,0.007,0.0
71000,0.007920167157773675,0.0149,94504.55991646141,0.10581499992,0.961981060367944,0.0102,0.003939159073349205,0.0341,49489.02584697883,0.202064999843,0.961981060367944,0.0069,0.0,0.0002,24949.166079041413,0.400814999921,0.961981060367944,0.00685,0.0,0.0,0.2394,92323.31632341331,0.108314999918,0.961981060367944,0.0121,0.0,0.3198,70390.3143467606,0.142064999891,0.961981060367944,0.0078,0.0,0.0001,25587.554218671856,0.390814999923,0.961981060367944,0.0058,0.0
72000,0.00918451800972146,0.0142,89214.02451229541,0.112089999915,0.9636921945229898,0.0117,0.0041288327649111525,0.0295,47149.79493507339,0.212089999835,0.9636921945229898,0.0067,0.0,0.0002,24047.71066268736,0.41583999991799997,0.9636921945229898,0.00565,0.0,0.0,0.2387,88230.10417846999,0.113339999914,0.9636921945229898,0.0129,0.0,0.3307,66849.38837948846,0.149589999885,0.9636921945229898,0.0074,0.0,0.0003,24340.375820201465,0.410839999919,0.9636921945229898,0.0067,0.18181818181818182
73000,0.008373378196576594,0.0144,85386.15896852981,0.117114999911,0.9653263149547469,0.0107,0.0034184328375281626,0.0322,45276.526420155125,0.220864999828,0.9653263149547469,0.0058,0.0,0.0,23209.12583285432,0.430864999915,0.9653263149547469,0.0065,0.23529411764705882,0.0,0.2373,85386.15896852981,0.117114999911,0.9653263149547469,0.0117,0.0,0.321,63647.646677283294,0.157114999879,0.9653263149547469,0.009,0.0,0.0001,23209.12583285432,0.430864999915,0.9653263149547469,0.00545,0.0
74000,0.007064144756632838,0.017,81043.8447817337,0.123389999906,0.9668868878517409,0.0094,0.0038886903303350542,0.0313,43077.45329455078,0.232139999819,0.9668868878517409,0.0065,0.0,0.0002,22178.358362292074,0.450889999911,0.9668868878517409,0.00585,0.0,0.0,0.2416,81873.26025556093,0.122139999907,0.9668868878517409,0.0114,0.0,0.3259,61203.25606041747,0.163389999874,0.9668868878517409,0.0084,0.0,0.0001,22178.358362292074,0.450889999911,0.9668868878517409,0.0055,0.0
75000,0.007318988894034952,0.0174,78637.99007295942,0.127164999903,0.9683772233983162,0.0098,0.0031531346337240924,0.0293,40872.21305788156,0.244664999809,0.9683772233983162,0.0051,0.0,0.0003,21012.155536125447,0.475914999906,0.9683772233983162,0.0056,0.0,0.0,0.2348,77872.5227398007,0.128414999902,0.9683772233983162,0.0112,0.0,0.3264,58939.67528789731,0.169664999869,0.9683772233983162,0.0069,0.0,0.0003,21463.14242291965,0.465914999908,0.9683772233983162,0.0052,0.0
76000,0.008116215032973478,0.0158,75648.68755307148,0.132189999899,0.9698004827959799,0.0106,0.003147123603187762,0.0306,40251.16731528227,0.24843999980599998,0.9698004827959799,0.0052,0.0,0.0001,19962.470559301084,0.500939999901,0.9698004827959799,0.005,0.0,0.0,0.2403,74940.048018914,0.13343999989799998,0.9698004827959799,0.0098,0.0,0.3258,56436.593530852835,0.177189999863,0.9698004827959799,0.0068,0.0,0.0004,20369.08787626961,0.49093999990299997,0.9698004827959799,0.0051,0.14285714285714285
77000,0.007585906935260871,0.0151,72220.41676709178,0.138464999894,0.971159684968734,0.0098,0.003170778269350121,0.0313,38503.7445192471,0.25971499979699997,0.971159684968734,0.0053,0.0,0.0003,19195.147470515487,0.520964999897,0.971159684968734,0.0057,0.0,0.0,0.2451,70939.59498926312,0.140964999892,0.971159684968734,0.0088,0.0,0.3279,53060.24995488179,0.188464999854,0.971159684968734,0.0065,0.0,0.0,19381.15957860878,0.515964999898,0.971159684968734,0.00445,0.0
78000,0.006431717573299737,0.0158,69089.40173876553,0.144739999889,0.9724577129666183,0.0084,0.002516384000776853,0.0366,35907.932090301016,0.278489999782,0.9724577129666183,0.0046,0.0,0.0,18315.353764680778,0.545989999892,0.9724577129666183,0.00445,0.16666666666666666,0.0,0.2444,69089.40173876553,0.144739999889,0.9724577129666183,0.0098,0.0,0.3301,51023.01141770242,0.195989999848,0.9724577129666183,0.0072,0.0,0.0006,18484.63003378594,0.540989999893,0.9724577129666183,0.00475,0.0
79000,0.006559152985145401,0.0153,65140.2143613754,0.153514999882,0.9736973200810461,0.0085,0.0025586915887254014,0.0302,35116.67518069643,0.284764999777,0.9736973200810461,0.0042,0.0,0.0002,17512.67480185097,0.571014999887,0.9736973200810461,0.0041,0.15384615384615385,0.0,0.2423,65674.97460141183,0.152264999883,0.9736973200810461,0.0076,0.0,0.3273,48836.47111452152,0.204764999841,0.9736973200810461,0.0069,0.0,0.0002,17667.376309777563,0.566014999888,0.9736973200810461,0.00425,0.25925925925925924
80000,0.006260469679683436,0.0144,63075.56457484054,0.158539999878,0.9748811356849042,0.008,0.0027931762233584013,0.0304,33218.17701248834,0.301039999764,0.9748811356849042,0.0046,0.0,0.0004,16919.32864438881,0.5910399998829999,0.9748811356849042,0.0038,0.0,0.0,0.2437,63075.56457484054,0.158539999878,0.9748811356849042,0.008,0.0,0.3185,46829.633828667786,0.213539999834,0.9748811356849042,0.0053,0.0,0.0004,17063.681663332514,0.586039999884,0.9748811356849042,0.0042,0.0
81000,0.006477955304427306,0.0161,59767.50445393424,0.167314999871,0.9760116708098051,0.0085,0.0029050371721733186,0.0306,31764.687222165012,0.314814999753,0.9760116708098051,0.0048,0.0,0.0001,15972.78238199009,0.626064999876,0.9760116708098051,0.00465,0.13333333333333333,0.0,0.2406,59767.50445393424,0.167314999871,0.9760116708098051,0.0067,0.0,0.3193,44729.720697707475,0.223564999826,0.9760116708098051,0.0072,0.0,0.0,16232.05343913436,0.616064999878,0.9760116708098051,0.00445,0.0
82000,0.004544280841059144,0.0165,58448.76969849341,0.171089999868,0.9770913234723223,0.006,0.002454845029971163,0.0327,30317.729832198314,0.329839999741,0.9770913234723223,0.0042,0.0,0.0002,15358.859761294587,0.651089999871,0.9770913234723223,0.0046,0.0,0.0,0.2457,58448.76969849341,0.171089999868,0.9770913234723223,0.0069,0.0,0.3239,42810.05183351783,0.233589999818,0.9770913234723223,0.005,0.0,0.0001,15477.719825382143,0.646089999872,0.9770913234723223,0.00425,0.0
83000,0.005158211457133515,0.0164,54835.08352881171,0.182364999859,0.9781223837605045,0.0068,0.002446643188059306,0.0329,28892.131250765382,0.346114999728,0.9781223837605045,0.0042,0.0,0.0001,14790.383295714355,0.676114999866,0.9781223837605045,0.00365,0.0,0.0,0.2383,55213.53840228526,0.18111499986,0.9781223837605045,0.0075,0.0,0.3398,41690.1173901822,0.239864999813,0.9781223837605045,0.0061,0.0,0.0003,14681.808508081665,0.681114999865,0.9781223837605045,0.00325,0.2
84000,0.005114916476191329,0.0188,52662.06755353796,0.189889999853,0.9791070386914597,0.007,0.002806983431732727,0.0301,27311.957196334308,0.366139999712,0.9791070386914597,0.0046,0.0,0.0001,13963.750107496931,0.716139999858,0.9791070386914597,0.004,0.23809523809523808,0.0,0.2401,52662.06755353796,0.189889999853,0.9791070386914597,0.0072,0.0,0.3186,39425.958081557874,0.25363999980199997,0.9791070386914597,0.0052,0.0,0.0001,13963.750107496931,0.716139999858,0.9791070386914597,0.0031,0.2222222222222222
85000,0.004975407768667178,0.0168,49403.45333970478,0.202414999843,0.9800473768503112,0.0066,0.0017349541473802548,0.0313,26321.677237987922,0.379914999701,0.9800473768503112,0.0029,0.0,0.0,13401.861521223154,0.746164999852,0.9800473768503112,0.0034,0.1111111111111111,0.0,0.2429,50021.25907387287,0.199914999845,0.9800473768503112,0.0062,0.0,0.3182,37747.95692132883,0.264914999793,0.9800473768503112,0.0047,0.0,0.0002,13492.272303715588,0.741164999853,0.9800473768503112,0.00285,0.2
86000,0.005154079780147455,0.0155,48206.71041149865,0.207439999839,0.9809453928203675,0.0067,0.0014334483913760689,0.0314,25400.695999070882,0.39368999969,0.9809453928203675,0.0024,0.0,0.0006,12639.189072137353,0.791189999843,0.9809453928203675,0.0031,0.12,0.0,0.2491,47917.964482067706,0.208689999838,0.9809453928203675,0.0064,0.0,0.3352,36206.959005831864,0.276189999784,0.9809453928203675,0.0057,0.0,0.0001,12966.973122037301,0.771189999847,0.9809453928203675,0.00395,0.047619047619047616
87000,0.004443381362795854,0.019,45461.7780454798,0.219964999829,0.9818029914139002,0.0061,0.001735917943580204,0.0333,23811.50812063293,0.41996499966899997,0.9818029914139002,0.003,0.0,0.0003,12177.079086457095,0.821214999837,0.9818029914139002,0.0026,0.0,0.0,0.237,46250.26019365004,0.216214999832,0.9818029914139002,0.0049,0.0,0.3231,34786.84364297233,0.287464999775,0.9818029914139002,0.0051,0.0,0.0003,12327.188232447226,0.811214999839,0.9818029914139002,0.00365,0.0
88000,0.0040630105532952435,0.0181,43717.75818738201,0.228739999822,0.9826219917125063,0.0055,0.0023223396013154368,0.0331,22923.161580518907,0.43623999965599997,0.9826219917125063,0.004,0.0,0.0002,11544.144812044691,0.8662399998279999,0.9826219917125063,0.00275,0.0,0.0,0.2419,43480.151344766935,0.229989999821,0.9826219917125063,0.0069,0.0,0.3271,32787.96028668587,0.304989999761,0.9826219917125063,0.0045,0.0006022004204445946,0.0002,11816.978637248596,0.8462399998319999,0.9826219917125063,0.00275,0.7142857142857143
89000,0.003642422282703536,0.0177,42102.60407885389,0.237514999815,0.9834041309256244,0.0049,0.001607291723103393,0.0316,22221.481523701714,0.45001499964499997,0.9834041309256244,0.0027,0.0,0.0004,11095.515749514401,0.901264999821,0.9834041309256244,0.0029,0.0,0.0,0.2369,42325.35503687751,0.236264999816,0.9834041309256244,0.0038,0.0,0.3239,31619.053666518663,0.316264999752,0.9834041309256244,0.0041,0.0,0.0005,11283.306913830358,0.886264999824,0.9834041309256244,0.00295,0.0
90000,0.003323330821321966,0.0152,39402.65576973768,0.253789999802,0.9841510680753889,0.0043,0.0014818134523129545,0.0342,21388.544312555874,0.467539999631,0.9841510680753889,0.0026,0.0,0.0004,10512.041545676688,0.9512899998109999,0.9841510680753889,0.0022,0.058823529411764705,0.0,0.2449,39993.60105502621,0.25003999980499997,0.9841510680753889,0.0037,0.0,0.3227,30185.03428370343,0.33128999974,0.9841510680753889,0.0033,0.0,0.0005,10737.793815016259,0.9312899998149999,0.9841510680753889,0.0029,0.0
91000,0.0036467647937162154,0.0163,37905.35036979892,0.26381499979399997,0.9848643875156379,0.0048,0.0009445877610714863,0.0321,19947.53799088243,0.501314999604,0.9848643875156379,0.0016,0.0,0.0005,10190.407771191849,0.981314999805,0.9848643875156379,0.0023,0.18181818181818182,0.0,0.2375,37726.59539286366,0.265064999793,0.9848643875156379,0.0052,0.0,0.3251,28668.491916503495,0.348814999726,0.9848643875156379,0.0044,0.0,0.0003,10190.407771191849,0.981314999805,0.9848643875156379,0.0019,0.0
92000,0.003711162686864967,0.0165,36351.73945914291,0.275089999785,0.9855456022925407,0.0049,0.001672356456605414,0.0314,19181.34040722506,0.521339999588,0.9855456022925407,0.0028,0.0,,0.0,0.0,0.9855456022925407,0.0,,0.0,0.2388,36854.131376918536,0.271339999788,0.9855456022925407,0.0046,0.0,0.3282,27390.506471996152,0.365089999713,0.9855456022925407,0.0027,0.0,,0.0,0.0,0.9855456022925407,0.0,
93000,0.00378705140104131,0.0152,34618.24730522467,0.288864999774,0.9861961573539711,0.0049,0.0014717382044262491,0.0298,18386.915885203816,0.54386499957,0.9861961573539711,0.0024,0.0,,0.0,0.0,0.9861961573539711,0.0,,0.0,0.241,34920.46866000449,0.286364999776,0.9861961573539711,0.0045,0.0,0.3222,26658.49141693682,0.375114999705,0.9861961573539711,0.0037,0.0,,0.0,0.0,0.9861961573539711,0.0,
94000,0.002811552769038864,0.018,33882.22541108218,0.295139999769,0.9868174326144359,0.0038,0.0012527490641510814,0.0285,17655.67896309918,0.566389999552,0.9868174326144359,0.002,0.0,,0.0,0.0,0.9868174326144359,0.0,,0.0,0.2426,33317.78505973772,0.300139999765,0.9868174326144359,0.0036,0.0,0.3215,24836.08187927935,0.402639999683,0.9868174326144359,0.0033,0.0,,0.0,0.0,0.9868174326144359,0.0,
95000,0.0024425599269870396,0.016,32371.364316507355,0.308914999758,0.9874107458820583,0.0032,0.0013331068133035555,0.0332,16627.45360178025,0.601414999524,0.9874107458820583,0.0023,0.0,,0.0,0.0,0.9874107458820583,0.0,,0.0,0.241,32111.491122249103,0.311414999756,0.9874107458820583,0.004,0.0,0.3268,23589.634733092575,0.423914999666,0.9874107458820583,0.003,0.0,,0.0,0.0,0.9874107458820583,0.0,
96000,0.003141601410560287,0.0173,30751.253137678188,0.325189999745,0.9879773556538258,0.0042,0.0013805581736142936,0.0311,16124.091017134957,0.620189999509,0.9879773556538258,0.0023,0.0,,0.0,0.0,0.9879773556538258,0.0,,0.0,0.2418,30633.50082049435,0.326439999744,0.9879773556538258,0.0057,0.0,0.3201,23111.23438924156,0.432689999659,0.9879773556538258,0.002,0.0,,0.0,0.0,0.9879773556538258,0.0,
97000,0.0031204960518417995,0.0146,29393.177866490245,0.340214999733,0.9885184637850312,0.004,0.0008403397578521786,0.0311,15320.622335813889,0.6527149994829999,0.9885184637850312,0.0014,0.0,,0.0,0.0,0.9885184637850312,0.0,,0.0,0.2461,29501.570981804663,0.338964999734,0.9885184637850312,0.0037,0.0,0.3213,21967.641681153706,0.455214999641,0.9885184637850312,0.0029,0.0,,0.0,0.0,0.9885184637850312,0.0,
98000,0.0022729593932024937,0.0143,27953.262167649318,0.357739999719,0.9890352180385682,0.0029,0.0012144244449384355,0.0304,14646.864118000927,0.682739999459,0.9890352180385682,0.002,0.0,,0.0,0.0,0.9890352180385682,0.0,,0.0,0.2443,28249.3855980489,0.353989999722,0.9890352180385682,0.0039,0.0,0.3222,20715.084741045794,0.482739999619,0.9890352180385682,0.0021,0.0,,0.0,0.0,0.9890352180385682,0.0,
99000,0.0027223255800756176,0.0166,26736.895600071246,0.374014999706,0.989528714519491,0.0036,0.000867958971790102,0.0333,13811.868549585315,0.724014999426,0.989528714519491,0.0015,0.0,,0.0,0.0,0.989528714519491,0.0,,0.0,0.2503,27191.27705969377,0.367764999711,0.989528714519491,0.0041,0.0,0.3265,19694.1498683394,0.507764999599,0.989528714519491,0.0018,0.0,,0.0,0.0,0.989528714519491,0.0,
100000,0.002836415051174992,0.0191,25297.88258713259,0.39528999968899997,0.99,0.0039,0.001303136773186203,0.0319,13218.071758176491,0.7565399993999999,0.99,0.0022,0.0,,0.0,0.0,0.99,0.0,,0.0,0.2374,25621.97342454571,0.390289999693,0.99,0.0035,0.0,0.3307,19082.512800359058,0.524039999586,0.99,0.0025,0.0,,0.0,0.0,0.99,0.0,
